,REAL,PREDICHAS,BAG,METODO
0,0.012,0.0,99,EDx
1,0.039,0.006902650426236334,99,EDx
2,0.027,0.01455525039282088,99,EDx
3,0.057,0.058033092831343676,99,EDx
4,0.039,0.038059416161943166,99,EDx
5,0.101,0.09539012819196832,99,EDx
6,0.078,0.07174219796043364,99,EDx
7,0.052,0.061354961031362176,99,EDx
8,0.025,0.02239996492482283,99,EDx
9,0.006,0.008397692646145137,99,EDx
10,0.04,0.028308201459064628,99,EDx
11,0.037,0.043761061669235976,99,EDx
12,0.051,0.10252373783810419,99,EDx
13,0.025,-1.648873506290103e-18,99,EDx
14,0.073,0.07167454540958096,99,EDx
15,0.009,0.028179892907061372,99,EDx
16,0.014,0.016200696772547946,99,EDx
17,0.078,0.06412812525920483,99,EDx
18,0.007,0.02187005833717857,99,EDx
19,0.005,0.020489463743725084,99,EDx
20,0.023,0.008103266641785678,99,EDx
21,0.009,0.019401974724771714,99,EDx
22,0.033,0.02275987177668051,99,EDx
23,0.025,0.02900664934471442,99,EDx
24,0.007,0.0047458053250580765,99,EDx
25,0.073,0.07590288660364614,99,EDx
26,0.007,0.015471967312871026,99,EDx
27,0.048,0.050636440307692765,99,EDx
0,0.017,0.00316063389977385,98,EDx
1,0.007,0.012602742408407731,98,EDx
2,0.025,0.017358154268890088,98,EDx
3,0.012,0.017352134258306742,98,EDx
4,0.008,0.002450096016604282,98,EDx
5,0.157,0.17207769424366373,98,EDx
6,0.01,0.012081716367761664,98,EDx
7,0.033,0.02733306448896398,98,EDx
8,0.057,0.05637604807503332,98,EDx
9,0.006,0.0,98,EDx
10,0.034,0.05339191606852135,98,EDx
11,0.011,0.034280039727318176,98,EDx
12,0.013,0.03758889526262323,98,EDx
13,0.054,0.012006619066924795,98,EDx
14,0.047,0.043683722949080954,98,EDx
15,0.016,0.013862983227307493,98,EDx
16,0.042,0.025934016162384582,98,EDx
17,0.017,0.019558087100938502,98,EDx
18,0.026,0.02192744058040288,98,EDx
19,0.01,0.013904695305164472,98,EDx
20,0.116,0.11210929511138816,98,EDx
21,0.067,0.07213021158456426,98,EDx
22,0.047,0.009082962510703186,98,EDx
23,0.137,0.12918959279372794,98,EDx
24,0.007,5.8201693990775864e-05,98,EDx
25,0.018,0.04362759937117711,98,EDx
26,0.006,0.03159218722917977,98,EDx
27,0.0,0.0052792502271969965,98,EDx
0,0.083,0.046586109681024675,97,EDx
1,0.0,0.0036657966741260135,97,EDx
2,0.015,0.0017423585054386736,97,EDx
3,0.015,0.023342562185034284,97,EDx
4,0.001,0.013030348255721991,97,EDx
5,0.013,0.015298138289224411,97,EDx
6,0.023,0.04233087379773554,97,EDx
7,0.011,0.0007037684205195373,97,EDx
8,0.049,0.07704211027685152,97,EDx
9,0.047,0.02119297838634297,97,EDx
10,0.06,0.07517730638561425,97,EDx
11,0.094,0.09961198632441372,97,EDx
12,0.009,0.08325323966411086,97,EDx
13,0.152,0.02657469347174763,97,EDx
14,0.01,0.017985108789137647,97,EDx
15,0.004,0.023279179700440796,97,EDx
16,0.011,0.0048123985808649905,97,EDx
17,0.0,0.0049383600675439844,97,EDx
18,0.044,0.04992217838168309,97,EDx
19,0.09,0.09283119118595597,97,EDx
20,0.015,0.006545998603895312,97,EDx
21,0.118,0.11606313224704586,97,EDx
22,0.011,0.0,97,EDx
23,0.014,0.00645987756199115,97,EDx
24,0.015,0.014518373859863038,97,EDx
25,0.012,0.057960408346851476,97,EDx
26,0.018,0.0,97,EDx
27,0.066,0.07513152235682063,97,EDx
0,0.0,6.9094292234737335e-19,96,EDx
1,0.008,0.010262219408351762,96,EDx
2,0.042,0.02872917402315567,96,EDx
3,0.014,0.0,96,EDx
4,0.09,0.0803127855132472,96,EDx
5,0.063,0.07962861320717109,96,EDx
6,0.0,0.038257372163356805,96,EDx
7,0.058,0.060134095324938346,96,EDx
8,0.017,-1.4346087377185326e-19,96,EDx
9,0.035,5.394831306186653e-19,96,EDx
10,0.026,0.039303679679028286,96,EDx
11,0.069,0.06156136441966812,96,EDx
12,0.017,0.0298817936268668,96,EDx
13,0.158,0.032608630603339336,96,EDx
14,0.024,0.028312202347382517,96,EDx
15,0.032,0.03232062912290564,96,EDx
16,0.034,0.017878450635148067,96,EDx
17,0.025,0.012084303071431005,96,EDx
18,0.025,0.029338679124964306,96,EDx
19,0.015,0.04886193409858669,96,EDx
20,0.016,0.05263109155403866,96,EDx
21,0.032,0.052413582720443226,96,EDx
22,0.032,0.020928194400167664,96,EDx
23,0.038,0.024974420711531525,96,EDx
24,0.074,0.1040661914165556,96,EDx
25,0.011,0.07721816747085904,96,EDx
26,0.038,0.011689876220484223,96,EDx
27,0.007,0.026602549136378384,96,EDx
0,0.027,0.015244434245962247,95,EDx
1,0.002,0.023077957603530402,95,EDx
2,0.02,0.0019608935991238174,95,EDx
3,0.058,0.043656945437685606,95,EDx
4,0.054,0.054962169888189936,95,EDx
5,0.053,0.10889922728896298,95,EDx
6,0.028,0.025844154021528048,95,EDx
7,0.017,0.017841038663484195,95,EDx
8,0.085,0.09983730305606511,95,EDx
9,0.009,0.015066512709502941,95,EDx
10,0.012,0.0,95,EDx
11,0.042,0.05274040198470727,95,EDx
12,0.011,0.03429718550759718,95,EDx
13,0.031,0.0346589365481609,95,EDx
14,0.063,0.02922254870710382,95,EDx
15,0.064,0.041514114061616245,95,EDx
16,0.08,0.04890102425760827,95,EDx
17,0.014,0.012963297701342849,95,EDx
18,0.014,0.018374186965273185,95,EDx
19,0.014,0.021662707740469345,95,EDx
20,0.034,0.009924448755792303,95,EDx
21,0.064,0.07868817220294151,95,EDx
22,0.024,0.014183409692290781,95,EDx
23,0.007,0.01112499921099417,95,EDx
24,0.031,0.05253826542825891,95,EDx
25,0.038,0.04816890665627047,95,EDx
26,0.044,0.02046340136480164,95,EDx
27,0.06,0.06418335670073583,95,EDx
0,0.002,0.004525877513763382,94,EDx
1,0.013,0.008207452051677831,94,EDx
2,0.01,0.01695548103930037,94,EDx
3,0.002,0.006271097142159974,94,EDx
4,0.078,0.07012448091673251,94,EDx
5,0.025,0.04711352512918396,94,EDx
6,0.082,0.0725738795322785,94,EDx
7,0.0,-1.403715060307027e-19,94,EDx
8,0.06,0.035724092525584845,94,EDx
9,0.002,0.009458469665567659,94,EDx
10,0.033,0.05035443359827878,94,EDx
11,0.043,0.052807909781777615,94,EDx
12,0.026,0.04619267209950308,94,EDx
13,0.078,0.029166733184345543,94,EDx
14,0.01,4.336808689942018e-19,94,EDx
15,0.03,0.045132108207934764,94,EDx
16,0.007,0.009323532321134297,94,EDx
17,0.003,0.0038358294723636155,94,EDx
18,0.124,0.09353804135437792,94,EDx
19,0.039,0.0478460332817361,94,EDx
20,0.019,0.026191653688821266,94,EDx
21,0.034,0.029938515556551276,94,EDx
22,0.021,0.003448149902119887,94,EDx
23,0.011,0.017389963292562403,94,EDx
24,0.153,0.16345987651329577,94,EDx
25,0.021,0.023753782490265368,94,EDx
26,0.04,0.047559524409680295,94,EDx
27,0.034,0.03910688532900308,94,EDx
0,0.011,0.0015091115103919666,93,EDx
1,0.126,0.036637545139205065,93,EDx
2,0.116,0.055690607945523316,93,EDx
3,0.001,-1.7179432179902815e-18,93,EDx
4,0.046,0.06251368548611885,93,EDx
5,0.046,0.022282085974038655,93,EDx
6,0.008,0.014136358577404884,93,EDx
7,0.036,0.04823208327055415,93,EDx
8,0.022,0.02070253945375694,93,EDx
9,0.018,0.009009129609417008,93,EDx
10,0.007,0.014210933577078987,93,EDx
11,0.02,0.007888939140143585,93,EDx
12,0.026,0.11023580345439159,93,EDx
13,0.074,0.012944059415854029,93,EDx
14,0.035,0.07070329094703032,93,EDx
15,0.048,0.09546396720535694,93,EDx
16,0.04,0.029948868896114117,93,EDx
17,0.053,0.04739471235573817,93,EDx
18,0.058,0.05240415912457421,93,EDx
19,0.017,0.005865323254724059,93,EDx
20,0.053,0.0720912946963417,93,EDx
21,0.015,0.026515682938012305,93,EDx
22,0.022,0.02579777346233524,93,EDx
23,0.004,0.0001233110286902092,93,EDx
24,0.075,0.08903704999149058,93,EDx
25,0.006,0.06272074118712714,93,EDx
26,0.013,0.0,93,EDx
27,0.004,0.00594094235858611,93,EDx
0,0.026,0.016982035903776383,92,EDx
1,0.001,0.014485881232802788,92,EDx
2,0.02,0.0017258299662932842,92,EDx
3,0.059,0.026703781058045033,92,EDx
4,0.095,0.07579298633198057,92,EDx
5,0.006,0.022340939176814324,92,EDx
6,0.075,0.09716956969684631,92,EDx
7,0.088,0.09079420129468044,92,EDx
8,0.0,0.009843638483045853,92,EDx
9,0.037,0.009629494662091467,92,EDx
10,0.086,0.09463723355853004,92,EDx
11,0.023,0.07365878552510739,92,EDx
12,0.03,0.07969588194840195,92,EDx
13,0.007,0.01314846027064736,92,EDx
14,0.005,0.0,92,EDx
15,0.019,0.01719513839375521,92,EDx
16,0.0,0.0008067508694240796,92,EDx
17,0.042,0.041260577214342335,92,EDx
18,0.002,0.011852164274944762,92,EDx
19,0.076,0.05967582663611393,92,EDx
20,0.023,0.00802509141261758,92,EDx
21,0.042,0.05818121525972005,92,EDx
22,0.087,0.014369293493723763,92,EDx
23,0.0,0.0,92,EDx
24,0.029,0.01635597595994478,92,EDx
25,0.006,0.04028468925843854,92,EDx
26,0.017,0.006749747152121421,92,EDx
27,0.099,0.09863481096579041,92,EDx
0,0.033,3.137412306416334e-21,91,EDx
1,0.09,0.030780505303265634,91,EDx
2,0.015,0.00596782162959594,91,EDx
3,0.025,0.01079363292047513,91,EDx
4,0.055,0.05045859290790608,91,EDx
5,0.036,3.522028689358653e-19,91,EDx
6,0.127,0.1290539504933034,91,EDx
7,0.025,0.037861265095280955,91,EDx
8,0.007,0.02505723217238133,91,EDx
9,0.004,0.002154674010135353,91,EDx
10,0.108,0.09913946684379188,91,EDx
11,0.011,0.0,91,EDx
12,0.012,0.05756320665945542,91,EDx
13,0.03,5.606780056685751e-20,91,EDx
14,0.006,0.05903971177974965,91,EDx
15,0.069,0.09234730855944175,91,EDx
16,0.016,0.009864049424586567,91,EDx
17,0.074,0.07147053221506389,91,EDx
18,0.044,0.047433840807746736,91,EDx
19,0.02,0.02532449746975278,91,EDx
20,0.045,0.04103558403334762,91,EDx
21,0.007,0.023672743206367974,91,EDx
22,0.001,0.006492604908771008,91,EDx
23,0.006,0.008518692088496115,91,EDx
24,0.031,0.06477876765664728,91,EDx
25,0.013,0.023586639092534518,91,EDx
26,0.023,0.03674565086470009,91,EDx
27,0.067,0.04085902985720291,91,EDx
0,0.004,0.020928447815701006,90,EDx
1,0.042,0.021222018738984647,90,EDx
2,0.0,0.0005448787288285248,90,EDx
3,0.028,-6.328099911210494e-20,90,EDx
4,0.035,0.013833589216463407,90,EDx
5,0.018,0.0367419289000087,90,EDx
6,0.0,-4.686607313034185e-21,90,EDx
7,0.108,0.1181193338189265,90,EDx
8,0.027,0.0,90,EDx
9,0.002,0.005995743907132443,90,EDx
10,0.011,0.024538511978198913,90,EDx
11,0.0,0.018040873774651932,90,EDx
12,0.039,0.04473434018407687,90,EDx
13,0.01,0.0018138963124598498,90,EDx
14,0.005,0.004703996713225004,90,EDx
15,0.025,0.030576708053513302,90,EDx
16,0.044,0.02131047015731848,90,EDx
17,0.005,1.68530887236549e-19,90,EDx
18,0.151,0.13950545716811052,90,EDx
19,0.011,0.027062332502482276,90,EDx
20,0.035,0.03213236801887857,90,EDx
21,0.193,0.18436613895608403,90,EDx
22,0.009,0.0021368350890989597,90,EDx
23,0.023,0.03069069084804977,90,EDx
24,0.059,0.09674694346205383,90,EDx
25,0.013,0.019259984835279617,90,EDx
26,0.048,0.048469945557019424,90,EDx
27,0.055,0.0565245652634534,90,EDx
0,0.039,0.014783381275068001,89,EDx
1,0.067,0.02051172152125495,89,EDx
2,0.013,0.0019072948236877182,89,EDx
3,0.02,0.023996927268672415,89,EDx
4,0.075,0.07902455570521938,89,EDx
5,0.058,0.030127470957155414,89,EDx
6,0.009,0.009110150403935697,89,EDx
7,0.094,0.08595529501542402,89,EDx
8,0.011,0.04009086255491216,89,EDx
9,0.02,0.008334013471033392,89,EDx
10,0.003,0.0014204515485993945,89,EDx
11,0.008,0.0061986859693839045,89,EDx
12,0.021,0.05825181986955277,89,EDx
13,0.022,0.02415002455448932,89,EDx
14,0.008,0.04483036835732428,89,EDx
15,0.012,0.037357775870365845,89,EDx
16,0.027,0.016750555832644523,89,EDx
17,0.047,0.05003141710069798,89,EDx
18,0.017,0.02741500040016614,89,EDx
19,0.012,0.008371585608321757,89,EDx
20,0.006,0.0023453239216344435,89,EDx
21,0.22,0.2127018964904661,89,EDx
22,0.0,0.0012049005986288878,89,EDx
23,0.05,0.05472862731547623,89,EDx
24,0.019,0.0216694603809375,89,EDx
25,0.054,0.04000908804047361,89,EDx
26,0.029,0.04342800783762856,89,EDx
27,0.039,0.035293337306845474,89,EDx
0,0.047,0.024616482682521933,88,EDx
1,0.001,0.02743663435053468,88,EDx
2,0.003,-4.393868650621256e-19,88,EDx
3,0.017,0.014168865094033643,88,EDx
4,0.143,0.11611740640144026,88,EDx
5,0.009,0.004090597802731232,88,EDx
6,0.028,0.05644509143860905,88,EDx
7,0.011,0.011852403971590784,88,EDx
8,0.081,0.08488509232035266,88,EDx
9,0.019,0.0,88,EDx
10,0.027,0.029330025883526373,88,EDx
11,0.027,0.022130065805354482,88,EDx
12,0.022,0.028421441881536134,88,EDx
13,0.041,0.011598541231650827,88,EDx
14,0.004,0.0033832976076055713,88,EDx
15,0.042,0.03363468484388322,88,EDx
16,0.001,6.5278337079801834e-21,88,EDx
17,0.074,0.07780059836998818,88,EDx
18,0.044,0.03272180081985572,88,EDx
19,0.0,0.004544839298532337,88,EDx
20,0.045,0.04036654911064121,88,EDx
21,0.08,0.07535013550667348,88,EDx
22,0.001,0.010689453731295564,88,EDx
23,0.034,0.021700217593704167,88,EDx
24,0.09,0.14500398161513156,88,EDx
25,0.018,0.04189826182771784,88,EDx
26,0.016,0.0035407607441600027,88,EDx
27,0.075,0.07827277006692912,88,EDx
0,0.012,0.0,87,EDx
1,0.054,0.023916838177066135,87,EDx
2,0.064,0.02856891946528518,87,EDx
3,0.113,0.0688872627815773,87,EDx
4,0.02,0.009630693092584892,87,EDx
5,0.012,7.455996324167952e-20,87,EDx
6,0.024,0.0717506932628534,87,EDx
7,0.101,0.09821620974306469,87,EDx
8,0.006,0.014191396807028541,87,EDx
9,0.091,0.03293808690954325,87,EDx
10,0.051,0.045066403920107474,87,EDx
11,0.012,0.033304656006472116,87,EDx
12,0.01,0.06002979556573892,87,EDx
13,0.048,0.024914688973086966,87,EDx
14,0.104,0.12987575399712628,87,EDx
15,0.021,0.04058272738171425,87,EDx
16,0.007,0.006370393616500008,87,EDx
17,0.01,0.004233838156661182,87,EDx
18,0.024,0.034347415608938496,87,EDx
19,0.037,0.04439517376632752,87,EDx
20,0.01,0.004768792481795631,87,EDx
21,0.006,0.03025580879686786,87,EDx
22,0.03,0.009117065282258793,87,EDx
23,0.001,0.002569274086060291,87,EDx
24,0.016,0.014893182247321916,87,EDx
25,0.018,0.07225097839756892,87,EDx
26,0.081,0.08006299482288269,87,EDx
27,0.017,0.014860956653567237,87,EDx
0,0.031,0.0038227124313435315,86,EDx
1,0.041,0.02772350048294465,86,EDx
2,0.025,0.007876941060792635,86,EDx
3,0.01,0.0,86,EDx
4,0.098,0.09228492570506885,86,EDx
5,0.063,0.076203897506786,86,EDx
6,0.001,0.0024928475810083238,86,EDx
7,0.045,0.03058729806702558,86,EDx
8,0.004,0.028763613145313623,86,EDx
9,0.008,0.00792305232871371,86,EDx
10,0.045,0.08237745004111062,86,EDx
11,0.026,0.03452655286318352,86,EDx
12,0.035,0.03025596770649341,86,EDx
13,0.008,0.023531743218179444,86,EDx
14,0.008,0.02137672366555048,86,EDx
15,0.016,0.025454375393526903,86,EDx
16,0.033,0.018187966658179195,86,EDx
17,0.166,0.13632229069729668,86,EDx
18,0.002,-3.1390034522779874e-21,86,EDx
19,0.052,0.0452556066299732,86,EDx
20,0.073,0.06723127921082413,86,EDx
21,0.021,0.03102576264204925,86,EDx
22,0.023,0.019014031992980962,86,EDx
23,0.122,0.10709803194313228,86,EDx
24,0.002,0.02746240356195873,86,EDx
25,0.023,0.030112210276955636,86,EDx
26,0.005,1.734723475976807e-18,86,EDx
27,0.014,0.023088815189608702,86,EDx
0,0.014,0.028247660556760874,85,EDx
1,0.023,0.017972312064083583,85,EDx
2,0.004,-9.393489347323147e-20,85,EDx
3,0.085,0.0732547494951142,85,EDx
4,0.044,0.04059434344959886,85,EDx
5,0.083,0.1319634934055973,85,EDx
6,0.107,0.11341856414066631,85,EDx
7,0.051,0.02870687883779875,85,EDx
8,0.055,0.05871793472506097,85,EDx
9,0.036,0.025318193812470455,85,EDx
10,0.029,0.05584343573773207,85,EDx
11,0.017,0.028962762044908517,85,EDx
12,0.003,-4.3648923452148065e-18,85,EDx
13,0.059,0.04373097271763931,85,EDx
14,0.003,-8.301280279201823e-19,85,EDx
15,0.013,0.011473326242971205,85,EDx
16,0.11,0.05880970621924655,85,EDx
17,0.002,-2.3661410700703637e-19,85,EDx
18,0.001,0.0004918390626827897,85,EDx
19,0.05,0.07936742887834031,85,EDx
20,0.042,0.041414574661235416,85,EDx
21,0.017,0.007346217334678059,85,EDx
22,0.0,0.0,85,EDx
23,0.065,0.06178527973798052,85,EDx
24,0.045,0.039391314320837686,85,EDx
25,0.009,0.004776405864050293,85,EDx
26,0.025,0.03800407652921013,85,EDx
27,0.008,0.010408530161336027,85,EDx
0,0.044,0.013091336344308114,84,EDx
1,0.062,0.016453105932187212,84,EDx
2,0.017,0.013545689035685543,84,EDx
3,0.008,0.022149630098339965,84,EDx
4,0.021,0.020427516282957494,84,EDx
5,0.058,0.039560719718254915,84,EDx
6,0.084,0.07028760487135087,84,EDx
7,0.037,0.04202266392847714,84,EDx
8,0.007,0.023791690964034124,84,EDx
9,0.007,0.01908632177718264,84,EDx
10,0.075,0.08124316486653411,84,EDx
11,0.039,0.04226860088509535,84,EDx
12,0.005,0.006340319982499828,84,EDx
13,0.005,-9.392511831551709e-20,84,EDx
14,0.016,0.04382352481828983,84,EDx
15,0.003,0.026080624060703952,84,EDx
16,0.031,0.026248629176822153,84,EDx
17,0.003,-1.4036139754422578e-20,84,EDx
18,0.046,0.05115756999752694,84,EDx
19,0.003,0.0,84,EDx
20,0.077,0.04367021978440436,84,EDx
21,0.037,0.03753523049389602,84,EDx
22,0.0,8.09398062927893e-20,84,EDx
23,0.12,0.10296151767231851,84,EDx
24,0.092,0.117400930549621,84,EDx
25,0.032,0.042595637347676144,84,EDx
26,0.003,0.033605630197971886,84,EDx
27,0.068,0.06465212121386188,84,EDx
0,0.065,0.027285214705233707,83,EDx
1,0.027,0.014891214508608051,83,EDx
2,0.023,0.011018198706653975,83,EDx
3,0.032,0.043126870799869765,83,EDx
4,0.044,0.03260712965625345,83,EDx
5,0.005,0.03602112852840992,83,EDx
6,0.004,0.019742433817821647,83,EDx
7,0.011,0.006714222162811873,83,EDx
8,0.0,0.043300012753305785,83,EDx
9,0.028,0.004341181551498614,83,EDx
10,0.0,0.012332927781318684,83,EDx
11,0.135,0.18761280558225765,83,EDx
12,0.094,0.11616183488277321,83,EDx
13,0.066,0.021673513545857215,83,EDx
14,0.007,-7.048961324641859e-19,83,EDx
15,0.031,0.038359442372043556,83,EDx
16,0.032,0.015954521545216503,83,EDx
17,0.025,0.031516220727298,83,EDx
18,0.032,0.03440012337205277,83,EDx
19,0.036,0.04946147020924073,83,EDx
20,0.001,0.01580113420160103,83,EDx
21,0.005,0.012092610147202172,83,EDx
22,0.083,0.011507087158427983,83,EDx
23,0.168,0.14672473156289395,83,EDx
24,0.016,0.002496515626545126,83,EDx
25,0.004,0.038067541268476335,83,EDx
26,0.005,0.0,83,EDx
27,0.021,0.026789912826328255,83,EDx
0,0.009,0.011306981336341377,82,EDx
1,0.005,0.006319981808379457,82,EDx
2,0.01,0.021929262286371584,82,EDx
3,0.049,0.031647922651918944,82,EDx
4,0.083,0.09409623477425046,82,EDx
5,0.042,0.02117945278573969,82,EDx
6,0.039,0.05239278692041643,82,EDx
7,0.017,0.019211151195094752,82,EDx
8,0.007,0.01312220643927739,82,EDx
9,0.026,0.005226312683660809,82,EDx
10,0.021,0.012212886682627525,82,EDx
11,0.061,0.07284062347639693,82,EDx
12,0.08,0.1046002903655435,82,EDx
13,0.009,1.7363414749758562e-21,82,EDx
14,0.022,0.045653755773255686,82,EDx
15,0.041,0.05226530127641324,82,EDx
16,0.019,0.009288399458871674,82,EDx
17,0.042,0.048427220860986574,82,EDx
18,0.064,0.06877422162824766,82,EDx
19,0.003,0.01102384183424942,82,EDx
20,0.06,0.04432511925251862,82,EDx
21,0.005,0.02656161028836043,82,EDx
22,0.031,0.0,82,EDx
23,0.035,0.03283995239628329,82,EDx
24,0.054,0.031616058196383995,82,EDx
25,0.026,0.03245134420494783,82,EDx
26,0.079,0.04970399828301935,82,EDx
27,0.061,0.08098308314044333,82,EDx
0,0.046,0.0156626894240561,81,EDx
1,0.018,0.03034909555520884,81,EDx
2,0.042,0.014215241152770326,81,EDx
3,0.011,0.0,81,EDx
4,0.001,2.390340977927542e-20,81,EDx
5,0.054,0.1053719906226715,81,EDx
6,0.123,0.14518178230472342,81,EDx
7,0.001,-1.4934784483561355e-20,81,EDx
8,0.032,0.046332780455971,81,EDx
9,0.06,0.03218719571590502,81,EDx
10,0.098,0.07953437819310966,81,EDx
11,0.02,0.051596673617074144,81,EDx
12,0.016,0.052410637099767364,81,EDx
13,0.048,0.04518185894488092,81,EDx
14,0.04,0.020093208318215455,81,EDx
15,0.012,0.007824610806275114,81,EDx
16,0.066,0.025980674910790095,81,EDx
17,0.037,0.03679817642891484,81,EDx
18,0.011,0.01221994319723644,81,EDx
19,0.013,0.025651051146701243,81,EDx
20,0.031,0.04294499547114826,81,EDx
21,0.005,0.01577134133808715,81,EDx
22,0.058,0.014019019274432732,81,EDx
23,0.008,0.005800941701687802,81,EDx
24,0.056,0.07187166284910684,81,EDx
25,0.062,0.07599824726774235,81,EDx
26,0.012,0.0,81,EDx
27,0.019,0.027001804203523383,81,EDx
0,0.017,0.019026950922956268,80,EDx
1,0.072,0.025806137804836825,80,EDx
2,0.051,0.04022704100967511,80,EDx
3,0.013,0.0,80,EDx
4,0.004,0.018272438007456676,80,EDx
5,0.034,0.04350563145465083,80,EDx
6,0.009,0.0007196075296820265,80,EDx
7,0.006,0.022964039714619383,80,EDx
8,0.046,0.03105781547562734,80,EDx
9,0.006,0.010892188552824877,80,EDx
10,0.086,0.09221645689834723,80,EDx
11,0.037,0.05612918531725801,80,EDx
12,0.016,0.058697024747528796,80,EDx
13,0.017,0.0022222528431033554,80,EDx
14,0.021,0.025984129542891702,80,EDx
15,0.019,0.04923778263676518,80,EDx
16,0.057,0.03627050786154964,80,EDx
17,0.049,0.04934190806254533,80,EDx
18,0.027,0.02491896819827482,80,EDx
19,0.027,0.03183052179287046,80,EDx
20,0.01,0.026204376136526385,80,EDx
21,0.12,0.12829287543550721,80,EDx
22,0.029,0.015234471805808818,80,EDx
23,0.016,0.020745338836640627,80,EDx
24,0.102,0.06695540633923898,80,EDx
25,0.053,0.04824977008209825,80,EDx
26,0.03,0.026112151706621258,80,EDx
27,0.026,0.028885021284094536,80,EDx
0,0.036,0.024106976693383186,79,EDx
1,0.034,0.0325194100358292,79,EDx
2,0.027,0.0002763464945691617,79,EDx
3,0.018,0.02761169870148048,79,EDx
4,0.046,0.026814383808269563,79,EDx
5,0.118,0.14237236406858497,79,EDx
6,0.003,0.07267814711742891,79,EDx
7,0.006,0.00896175140014304,79,EDx
8,0.03,0.01365088686652147,79,EDx
9,0.091,0.015836886874227237,79,EDx
10,0.004,-8.673617379884035e-19,79,EDx
11,0.005,0.030812373841697428,79,EDx
12,0.017,0.06634071109246513,79,EDx
13,0.024,0.02564889360510566,79,EDx
14,0.045,0.05871374718922515,79,EDx
15,0.014,0.028901565488746166,79,EDx
16,0.074,0.0358720901131782,79,EDx
17,0.023,0.008744116670286059,79,EDx
18,0.14,0.12238269441104814,79,EDx
19,0.023,0.020373991136750483,79,EDx
20,0.003,0.005297620312873938,79,EDx
21,0.065,0.07587018418790996,79,EDx
22,0.055,0.0059525512205437755,79,EDx
23,0.021,0.033915725249621546,79,EDx
24,0.02,0.0598739443048663,79,EDx
25,0.045,0.04262877227104531,79,EDx
26,0.002,0.0,79,EDx
27,0.011,0.013842166844199477,79,EDx
0,0.0,-8.884431037319119e-19,78,EDx
1,0.034,0.014236763833782575,78,EDx
2,0.016,0.017635657500325835,78,EDx
3,0.017,0.03333372114340193,78,EDx
4,0.041,0.042746111475521854,78,EDx
5,0.003,0.0011130862572005388,78,EDx
6,0.025,0.08115763284411458,78,EDx
7,0.034,0.02439214148102322,78,EDx
8,0.014,0.0090008993429021,78,EDx
9,0.111,0.05608981370995391,78,EDx
10,0.056,0.05622965608412764,78,EDx
11,0.019,0.044002175711565575,78,EDx
12,0.022,0.027675848252800332,78,EDx
13,0.089,0.04534838270087446,78,EDx
14,0.122,0.13846236715862537,78,EDx
15,0.009,0.021765834119582626,78,EDx
16,0.03,0.03164658519170896,78,EDx
17,0.02,0.00022880814041821983,78,EDx
18,0.032,0.04561303458121436,78,EDx
19,0.019,0.014087396325189905,78,EDx
20,0.076,0.0859847395150929,78,EDx
21,0.0,0.0,78,EDx
22,0.034,0.008184864154067654,78,EDx
23,0.051,0.044666970594875795,78,EDx
24,0.028,0.04341242760561413,78,EDx
25,0.002,0.028099771360329297,78,EDx
26,0.041,0.024569878233027056,78,EDx
27,0.055,0.060315432682659154,78,EDx
0,0.025,0.03157117757116968,77,EDx
1,0.029,0.033975186544993166,77,EDx
2,0.009,5.015290285869519e-19,77,EDx
3,0.014,2.559095046631246e-19,77,EDx
4,0.053,0.02063032409435457,77,EDx
5,0.019,0.023133795526885863,77,EDx
6,0.015,0.031473216409908064,77,EDx
7,0.068,0.051363000308470415,77,EDx
8,0.039,0.025105711192975708,77,EDx
9,0.031,0.018906501355514048,77,EDx
10,0.032,0.039758407410131535,77,EDx
11,0.083,0.11931090120975053,77,EDx
12,0.019,0.057949413929884605,77,EDx
13,0.0,-2.1501959835019935e-19,77,EDx
14,0.039,0.06300542526179087,77,EDx
15,0.032,0.04079977151923715,77,EDx
16,0.071,0.031862080156226574,77,EDx
17,0.013,0.0,77,EDx
18,0.09,0.08463073219664646,77,EDx
19,0.026,0.010815867814061396,77,EDx
20,0.024,0.015647313962952804,77,EDx
21,0.043,0.04582992304383167,77,EDx
22,0.076,0.015894293716490593,77,EDx
23,0.056,0.06503936057621665,77,EDx
24,0.02,0.08178139824861909,77,EDx
25,0.041,0.056007491961631455,77,EDx
26,0.0,3.360436105181632e-20,77,EDx
27,0.033,0.03550870598825717,77,EDx
0,0.027,0.015426609591539247,76,EDx
1,0.075,0.024675164835250257,76,EDx
2,0.018,0.00830354478576439,76,EDx
3,0.087,0.06810612432588611,76,EDx
4,0.048,0.03320439000991749,76,EDx
5,0.009,0.02013923689001711,76,EDx
6,0.091,0.09940192437205525,76,EDx
7,0.089,0.08308220285725634,76,EDx
8,0.035,0.0474176278864963,76,EDx
9,0.031,0.024169675045663096,76,EDx
10,0.058,0.06294012521218714,76,EDx
11,0.002,0.006229362592466464,76,EDx
12,0.028,0.04409185714253194,76,EDx
13,0.045,0.038481724136882126,76,EDx
14,0.043,0.042206896205832005,76,EDx
15,0.025,0.041267713809153735,76,EDx
16,0.011,0.007772955152070928,76,EDx
17,0.019,0.0086573218772866,76,EDx
18,0.041,0.051849514609057144,76,EDx
19,0.002,0.004673912363462716,76,EDx
20,0.027,0.01945858176011728,76,EDx
21,0.028,0.03725502614508312,76,EDx
22,0.011,0.007838781067150118,76,EDx
23,0.019,0.010651312707532883,76,EDx
24,0.068,0.09821893801500957,76,EDx
25,0.016,0.0585707985514105,76,EDx
26,0.021,0.0,76,EDx
27,0.026,0.035908678052920195,76,EDx
0,0.099,0.053263007173756746,75,EDx
1,0.026,0.01773416515965426,75,EDx
2,0.027,0.006321450963195979,75,EDx
3,0.02,0.024700315322201828,75,EDx
4,0.014,0.02243235763202548,75,EDx
5,0.061,0.0939143105037163,75,EDx
6,0.037,0.014520209878682593,75,EDx
7,0.067,0.07074158336049019,75,EDx
8,0.055,0.07776662170928593,75,EDx
9,0.003,0.01813306933226124,75,EDx
10,0.019,0.03315643339996499,75,EDx
11,0.054,0.048749280077127755,75,EDx
12,0.0,0.07091091917051616,75,EDx
13,0.125,0.01474822463804913,75,EDx
14,0.075,0.07787959102608513,75,EDx
15,0.021,0.03267134106405457,75,EDx
16,0.072,0.032365419684595186,75,EDx
17,0.002,9.141268015963085e-20,75,EDx
18,0.015,0.030841006371763787,75,EDx
19,0.023,0.037575267481837385,75,EDx
20,0.001,8.042387549629037e-19,75,EDx
21,0.052,0.058595860181237545,75,EDx
22,0.0,0.0,75,EDx
23,0.004,0.012663289621196862,75,EDx
24,0.015,0.04428087251295893,75,EDx
25,0.014,0.03679215041401281,75,EDx
26,0.034,0.013417790638160138,75,EDx
27,0.065,0.055825462683169014,75,EDx
0,0.091,0.027741370480546156,74,EDx
1,0.019,0.04249917333633023,74,EDx
2,0.008,0.0002741827276655559,74,EDx
3,0.0,0.013222598309729784,74,EDx
4,0.003,0.011052778191363433,74,EDx
5,0.0,0.018505299892544083,74,EDx
6,0.011,0.023240983257867862,74,EDx
7,0.009,1.0597494945059566e-19,74,EDx
8,0.033,0.09866114182041597,74,EDx
9,0.021,-1.320959361229592e-19,74,EDx
10,0.07,0.09156933253058325,74,EDx
11,0.063,0.07618217442360335,74,EDx
12,0.141,0.16764138388933336,74,EDx
13,0.132,0.02649869634717454,74,EDx
14,0.011,1.615273855776061e-19,74,EDx
15,0.123,0.09230614729884314,74,EDx
16,0.033,0.016937199032041834,74,EDx
17,0.023,0.0388751212040638,74,EDx
18,0.013,0.022030310871242957,74,EDx
19,0.0,0.02349755121624969,74,EDx
20,0.001,0.005366224866082162,74,EDx
21,0.013,0.018347650265451376,74,EDx
22,0.006,0.014431553494200807,74,EDx
23,0.033,0.026775457697628346,74,EDx
24,0.038,0.0269779968133659,74,EDx
25,0.042,0.09140162969501653,74,EDx
26,0.042,0.0,74,EDx
27,0.021,0.0259640423386559,74,EDx
0,0.102,0.029397950380368798,73,EDx
1,0.005,0.029992279014337642,73,EDx
2,0.058,0.02511824487617069,73,EDx
3,0.009,-2.5640590045508917e-19,73,EDx
4,0.033,0.03361280499784365,73,EDx
5,0.011,0.0,73,EDx
6,0.008,0.02327233009268363,73,EDx
7,0.072,0.07529002413528338,73,EDx
8,0.002,0.0675887452173417,73,EDx
9,0.086,0.06174016983107231,73,EDx
10,0.111,0.11576406642498199,73,EDx
11,0.002,0.02067948465901684,73,EDx
12,0.007,0.054221953723877586,73,EDx
13,0.018,0.013014660782109161,73,EDx
14,0.02,0.04755639913624029,73,EDx
15,0.023,0.019793913455317662,73,EDx
16,0.018,0.01834963811575202,73,EDx
17,0.064,0.061101676890902235,73,EDx
18,0.006,0.017337915406533694,73,EDx
19,0.008,0.004269373183520874,73,EDx
20,0.001,-2.3593302817456438e-18,73,EDx
21,0.013,0.018040040757219038,73,EDx
22,0.049,0.006526162761230548,73,EDx
23,0.067,0.05203266325678565,73,EDx
24,0.006,-7.530735190471636e-20,73,EDx
25,0.047,0.041255097473958176,73,EDx
26,0.05,0.06478057300269781,73,EDx
27,0.104,0.09926383242475467,73,EDx
0,0.001,0.004856193946807316,72,EDx
1,0.002,0.006758121678152917,72,EDx
2,0.086,0.038521048732974565,72,EDx
3,0.007,-1.9157004391538744e-18,72,EDx
4,0.009,0.02350590045842974,72,EDx
5,0.043,0.06895278726328513,72,EDx
6,0.123,0.12137645406773606,72,EDx
7,0.004,-5.000830903909815e-19,72,EDx
8,0.023,0.002339669154531783,72,EDx
9,0.008,0.021610699378368854,72,EDx
10,0.018,0.03556825160494183,72,EDx
11,0.016,0.024286658974213133,72,EDx
12,0.03,0.05650679207091949,72,EDx
13,0.037,0.013374916085185418,72,EDx
14,0.006,-1.777363415148882e-19,72,EDx
15,0.006,0.0,72,EDx
16,0.087,0.05282815558605235,72,EDx
17,0.022,0.010023417477585212,72,EDx
18,0.068,0.060268805875775384,72,EDx
19,0.004,0.01641154966457451,72,EDx
20,0.141,0.13697929096087547,72,EDx
21,0.003,0.0032259928628714037,72,EDx
22,0.022,0.02093365659361982,72,EDx
23,0.1,0.08429931101039581,72,EDx
24,0.034,0.05673185964461418,72,EDx
25,0.034,0.058434574801047405,72,EDx
26,0.005,0.007005176254389702,72,EDx
27,0.061,0.07520071585265264,72,EDx
0,0.014,0.004550510649077322,71,EDx
1,0.011,0.03568018774324211,71,EDx
2,0.017,-2.5796440761828017e-20,71,EDx
3,0.004,0.0,71,EDx
4,0.006,0.012995435002792696,71,EDx
5,0.005,0.02477972291286482,71,EDx
6,0.0,0.006370509831897838,71,EDx
7,0.032,0.028133979254279774,71,EDx
8,0.089,0.09415929841975353,71,EDx
9,0.03,0.025837382206777976,71,EDx
10,0.081,0.09398114140458642,71,EDx
11,0.062,0.1030432061416287,71,EDx
12,0.025,0.06474230548953087,71,EDx
13,0.011,-3.447791593935488e-20,71,EDx
14,0.073,0.05720115557541387,71,EDx
15,0.028,0.027920127005264975,71,EDx
16,0.009,0.00762918080042599,71,EDx
17,0.022,0.012614075243164836,71,EDx
18,0.061,0.05478420272539494,71,EDx
19,0.048,0.027490393632711246,71,EDx
20,0.14,0.10068723431505733,71,EDx
21,0.005,0.03263488710645974,71,EDx
22,0.091,0.0196106741680367,71,EDx
23,0.004,0.00263592979069173,71,EDx
24,0.037,0.056376292973438394,71,EDx
25,0.002,0.019372438080085656,71,EDx
26,0.048,0.03238082590138508,71,EDx
27,0.045,0.05438890362603743,71,EDx
0,0.007,0.024687828998075485,70,EDx
1,0.025,0.036085608310109527,70,EDx
2,0.001,-3.456753064118015e-18,70,EDx
3,0.217,0.1854679077135903,70,EDx
4,0.011,0.0,70,EDx
5,0.017,0.04828892672207371,70,EDx
6,0.0,0.012055639220097746,70,EDx
7,0.003,-2.689113607491185e-18,70,EDx
8,0.104,0.11123928853490325,70,EDx
9,0.014,-2.2867358792691565e-18,70,EDx
10,0.023,-2.0665418059630098e-19,70,EDx
11,0.022,0.028750900505323626,70,EDx
12,0.016,0.06772623323016225,70,EDx
13,0.086,0.05696617062452646,70,EDx
14,0.018,-2.031115111192997e-18,70,EDx
15,0.104,0.09007509432276503,70,EDx
16,0.008,-2.7999788773270176e-20,70,EDx
17,0.018,0.026232271517403902,70,EDx
18,0.014,0.03378689093662639,70,EDx
19,0.084,0.07982342277158616,70,EDx
20,0.011,0.0018023007610322203,70,EDx
21,0.061,0.06526992218857058,70,EDx
22,0.019,0.012719026154098985,70,EDx
23,0.001,1.3864986385572146e-18,70,EDx
24,0.02,0.028732665384154102,70,EDx
25,0.021,0.03285736527270796,70,EDx
26,0.054,0.03431430399449377,70,EDx
27,0.021,0.023118232837698538,70,EDx
0,0.055,0.00419382482117397,69,EDx
1,0.019,0.01965752565103604,69,EDx
2,0.027,0.031525193282275356,69,EDx
3,0.058,0.038970595832298525,69,EDx
4,0.045,0.03868015106364109,69,EDx
5,0.001,0.029286221133398366,69,EDx
6,0.002,0.0,69,EDx
7,0.017,0.02099026657293354,69,EDx
8,0.029,0.059557116039176634,69,EDx
9,0.0,-3.277303275627812e-19,69,EDx
10,0.144,0.14290700019501035,69,EDx
11,0.005,0.07303806444638568,69,EDx
12,0.005,0.009714245723630038,69,EDx
13,0.036,0.01934619703517469,69,EDx
14,0.042,0.027130472125304676,69,EDx
15,0.03,0.05558372730734414,69,EDx
16,0.015,0.0021036831701924893,69,EDx
17,0.169,0.15814407454962534,69,EDx
18,0.0,0.010131021088548669,69,EDx
19,0.005,0.036711325734180254,69,EDx
20,0.038,0.03904849192856588,69,EDx
21,0.019,0.04851120868265444,69,EDx
22,0.127,0.011427571188226182,69,EDx
23,0.029,0.02711280999786907,69,EDx
24,0.015,0.01550957792866561,69,EDx
25,0.017,0.03566617704412238,69,EDx
26,0.03,0.022637367330537672,69,EDx
27,0.021,0.02241609012802892,69,EDx
0,0.026,0.013939274440127117,68,EDx
1,0.053,0.022762839411738574,68,EDx
2,0.021,0.0008129201434325774,68,EDx
3,0.057,0.04787637737659328,68,EDx
4,0.048,0.05464402791801668,68,EDx
5,0.034,0.03072281418479023,68,EDx
6,0.007,0.01467133352594746,68,EDx
7,0.024,0.033352859049851476,68,EDx
8,0.018,0.020625324677248234,68,EDx
9,0.016,0.009731337970880806,68,EDx
10,0.046,0.06739331970451783,68,EDx
11,0.1,0.09893292844087369,68,EDx
12,0.038,0.08943352424760484,68,EDx
13,0.007,0.0,68,EDx
14,0.013,0.02587819376421187,68,EDx
15,0.045,0.06079252797317951,68,EDx
16,0.028,0.014927046738122063,68,EDx
17,0.06,0.06556900525934704,68,EDx
18,0.046,0.03225968288304906,68,EDx
19,0.027,0.03968518593297994,68,EDx
20,0.044,0.024292454392763896,68,EDx
21,0.021,0.02142602235801956,68,EDx
22,0.024,0.005465877727462269,68,EDx
23,0.106,0.08572501776369029,68,EDx
24,0.024,0.00912790115669802,68,EDx
25,0.033,0.06348574378379838,68,EDx
26,0.0,0.008886765578667365,68,EDx
27,0.034,0.03757969359638791,68,EDx
0,0.032,0.0,67,EDx
1,0.086,0.031715609152148806,67,EDx
2,0.09,0.04589477916166813,67,EDx
3,0.0,0.00038843695655513234,67,EDx
4,0.018,0.042039954039122245,67,EDx
5,0.017,4.1652275605306302e-19,67,EDx
6,0.025,0.013472139076716697,67,EDx
7,0.046,0.058636017486742784,67,EDx
8,0.002,0.03571273619373985,67,EDx
9,0.003,0.002234485701443641,67,EDx
10,0.075,0.07838214910151763,67,EDx
11,0.054,0.06400122538243244,67,EDx
12,0.047,0.09435190325081518,67,EDx
13,0.034,0.0017832822562871909,67,EDx
14,0.018,0.0372250399891215,67,EDx
15,0.007,0.055172960274085955,67,EDx
16,0.001,0.005928019488756824,67,EDx
17,0.006,0.0042160094613655896,67,EDx
18,0.022,0.03136340298396586,67,EDx
19,0.0,-1.8534068395804394e-19,67,EDx
20,0.004,0.00022368633648658706,67,EDx
21,0.033,0.05523255814825212,67,EDx
22,0.045,0.0054792097550011905,67,EDx
23,0.015,0.015707719131905214,67,EDx
24,0.271,0.24071108444302025,67,EDx
25,0.004,0.032360508412197175,67,EDx
26,0.001,0.0069576759942705044,67,EDx
27,0.044,0.040809407822381405,67,EDx
0,0.024,-1.231689515189697e-19,66,EDx
1,0.015,0.028447800781001693,66,EDx
2,0.044,0.004659451968951416,66,EDx
3,0.0,0.013430877669889542,66,EDx
4,0.051,0.0739836784467666,66,EDx
5,0.007,0.037259703321789614,66,EDx
6,0.009,0.00030046728860135696,66,EDx
7,0.037,0.027866506715403697,66,EDx
8,0.034,0.06340564961978155,66,EDx
9,0.0,0.009251696957395958,66,EDx
10,0.041,0.025185595335726518,66,EDx
11,0.019,0.052740585747443114,66,EDx
12,0.019,0.050227968200442216,66,EDx
13,0.041,0.035738622952868414,66,EDx
14,0.044,0.01632957482530011,66,EDx
15,0.054,0.04843451082231465,66,EDx
16,0.009,-7.50954301391288e-22,66,EDx
17,0.028,0.026428627883923327,66,EDx
18,0.214,0.18866046504597656,66,EDx
19,0.03,0.03050095310333751,66,EDx
20,0.014,0.0,66,EDx
21,0.04,0.03893892729541391,66,EDx
22,0.064,0.024231258885268916,66,EDx
23,0.052,0.04974935581285848,66,EDx
24,0.056,0.05900406673863438,66,EDx
25,0.034,0.08067763557457282,66,EDx
26,0.014,0.0,66,EDx
27,0.006,0.014546019006337674,66,EDx
0,0.018,-7.295289893447287e-20,65,EDx
1,0.023,0.04581983032980264,65,EDx
2,0.058,0.01838663949390576,65,EDx
3,0.025,0.010613876599177877,65,EDx
4,0.038,0.038645436063278096,65,EDx
5,0.003,5.249229828444513e-18,65,EDx
6,0.022,0.07133153511653549,65,EDx
7,0.032,0.029485983979767965,65,EDx
8,0.037,0.07411370091136087,65,EDx
9,0.07,0.021316684819448848,65,EDx
10,0.001,3.4386584523772782e-18,65,EDx
11,0.002,0.036862419721059136,65,EDx
12,0.013,0.08023036323031976,65,EDx
13,0.02,8.853825557368313e-19,65,EDx
14,0.009,0.020699374393944293,65,EDx
15,0.114,0.09239628769868471,65,EDx
16,0.002,0.0,65,EDx
17,0.025,0.021591753228957476,65,EDx
18,0.02,0.015372964714500661,65,EDx
19,0.008,0.019241911926076015,65,EDx
20,0.013,0.023530880047718774,65,EDx
21,0.117,0.12595923103278975,65,EDx
22,0.078,0.016594013509986776,65,EDx
23,0.021,0.008238093511565714,65,EDx
24,0.032,0.02166783157201277,65,EDx
25,0.071,0.07623440391200605,65,EDx
26,0.097,0.09588231544556874,65,EDx
27,0.031,0.03578446874153185,65,EDx
0,0.11,0.03750778982512369,64,EDx
1,0.035,0.019942802583040015,64,EDx
2,0.025,0.007494021075062797,64,EDx
3,0.008,0.020664797627970657,64,EDx
4,0.011,0.0021961214333155125,64,EDx
5,0.055,0.04570312050324364,64,EDx
6,0.002,0.018036964387054565,64,EDx
7,0.15,0.1296809894126954,64,EDx
8,0.003,0.06893738356370639,64,EDx
9,0.047,0.015936075864899986,64,EDx
10,0.026,0.05283845369463483,64,EDx
11,0.012,0.04680310596271262,64,EDx
12,0.018,0.05516929811371851,64,EDx
13,0.056,-9.6923646257453e-19,64,EDx
14,0.041,0.0582359227839127,64,EDx
15,0.001,0.019957338882384,64,EDx
16,0.003,0.0,64,EDx
17,0.009,0.005086339677313463,64,EDx
18,0.006,0.016489904702962247,64,EDx
19,0.082,0.07653967249696804,64,EDx
20,0.021,0.00666640628198248,64,EDx
21,0.062,0.09328106263590262,64,EDx
22,0.06,0.009449093734851479,64,EDx
23,0.001,0.007066308567933232,64,EDx
24,0.062,0.06987455123207309,64,EDx
25,0.015,0.04492001551588992,64,EDx
26,0.041,0.032000990998090506,64,EDx
27,0.038,0.03952146844255755,64,EDx
0,0.044,0.01696778589831964,63,EDx
1,0.024,0.02820975334752806,63,EDx
2,0.015,0.0,63,EDx
3,0.003,-1.1425319120935354e-19,63,EDx
4,0.012,0.013904357112139602,63,EDx
5,0.008,0.025107318067409443,63,EDx
6,0.011,-4.022120271621722e-19,63,EDx
7,0.045,0.04120324130313917,63,EDx
8,0.038,0.056695131711852025,63,EDx
9,0.001,0.005998261928077652,63,EDx
10,0.023,0.022208121624330546,63,EDx
11,0.053,0.06635005403771776,63,EDx
12,0.005,0.029593307233027066,63,EDx
13,0.059,0.0317850883750167,63,EDx
14,0.024,0.022972380050966943,63,EDx
15,0.039,0.03900932158977053,63,EDx
16,0.007,0.003572826026628298,63,EDx
17,0.033,0.028479181339498474,63,EDx
18,0.027,0.039973133342140005,63,EDx
19,0.078,0.07872011244326906,63,EDx
20,0.083,0.043184143616388136,63,EDx
21,0.054,0.06922949351810082,63,EDx
22,0.035,0.010956859504242161,63,EDx
23,0.012,0.021219890999365575,63,EDx
24,0.0,0.021023114786634673,63,EDx
25,0.063,0.08658751033371676,63,EDx
26,0.113,0.10528997158774157,63,EDx
27,0.091,0.09175964022297922,63,EDx
0,0.008,0.024760780102843338,62,EDx
1,0.035,0.015743521857046593,62,EDx
2,0.015,-2.3205616619959786e-20,62,EDx
3,0.125,0.08806467052024455,62,EDx
4,0.029,0.023327765947853917,62,EDx
5,0.021,0.02186646441184974,62,EDx
6,0.1,0.07490270518785229,62,EDx
7,0.011,0.014411448667646473,62,EDx
8,0.036,0.0361050787357271,62,EDx
9,0.021,0.03399432044989931,62,EDx
10,0.034,0.030500267872552927,62,EDx
11,0.043,0.04497725547400075,62,EDx
12,0.002,0.03294431642086194,62,EDx
13,0.01,0.014951824962880103,62,EDx
14,0.005,0.0057803340481568785,62,EDx
15,0.071,0.07619402276993188,62,EDx
16,0.008,0.009333050682305164,62,EDx
17,0.028,0.0333753956769198,62,EDx
18,0.014,0.02410974193628767,62,EDx
19,0.078,0.06875248580584847,62,EDx
20,0.014,0.016741510535189838,62,EDx
21,0.029,0.029119373734140534,62,EDx
22,0.001,0.0,62,EDx
23,0.055,0.051916792255811875,62,EDx
24,0.009,0.012952719554307202,62,EDx
25,0.031,0.05336634501889126,62,EDx
26,0.091,0.08711108375525901,62,EDx
27,0.076,0.07469672361569135,62,EDx
0,0.036,0.03557673569455137,61,EDx
1,0.1,0.03368974946650929,61,EDx
2,0.005,-1.4945065739770493e-19,61,EDx
3,0.019,0.022338650759833746,61,EDx
4,0.025,0.03448072005828518,61,EDx
5,0.03,0.039445308628923696,61,EDx
6,0.035,0.0516419460510331,61,EDx
7,0.048,0.04289147971844229,61,EDx
8,0.023,0.023506729399238487,61,EDx
9,0.034,0.014749251218987507,61,EDx
10,0.049,0.05385226313913858,61,EDx
11,0.021,0.04685445526455796,61,EDx
12,0.063,0.0653224330522725,61,EDx
13,0.026,0.03447171907481557,61,EDx
14,0.001,0.0029476013334471247,61,EDx
15,0.005,0.05365632340146994,61,EDx
16,0.041,0.028069194756557485,61,EDx
17,0.027,0.033040297281642685,61,EDx
18,0.056,0.055861668119813655,61,EDx
19,0.035,0.04530303666295382,61,EDx
20,0.094,0.05083582886370732,61,EDx
21,0.0,0.002909213216361771,61,EDx
22,0.024,0.0,61,EDx
23,0.038,0.033570022786347666,61,EDx
24,0.025,0.02605847898559657,61,EDx
25,0.066,0.08300102035471574,61,EDx
26,0.035,0.050111726400395726,61,EDx
27,0.039,0.03581414631040125,61,EDx
0,0.031,0.007716746465593292,60,EDx
1,0.008,0.013870541069178354,60,EDx
2,0.01,0.008619725580275857,60,EDx
3,0.03,0.024903623344585173,60,EDx
4,0.162,0.15196047321252473,60,EDx
5,0.001,0.02463298352483496,60,EDx
6,0.017,7.398840036714659e-20,60,EDx
7,0.002,0.0,60,EDx
8,0.107,0.14408036253691087,60,EDx
9,0.009,0.02617139442333654,60,EDx
10,0.036,0.03845061700749344,60,EDx
11,0.008,0.03452845368451617,60,EDx
12,0.101,0.10998743651368975,60,EDx
13,0.057,0.03923876223138805,60,EDx
14,0.03,0.03122681346181613,60,EDx
15,0.01,0.014293297368314986,60,EDx
16,0.059,0.03308928370284851,60,EDx
17,0.001,1.531967051404101e-20,60,EDx
18,0.017,0.007957377370067128,60,EDx
19,0.07,0.07497707045581858,60,EDx
20,0.006,0.008272470334563301,60,EDx
21,0.018,0.037162871110951394,60,EDx
22,0.04,0.008242050344632056,60,EDx
23,0.042,0.048448690557025796,60,EDx
24,0.002,0.009270473109738738,60,EDx
25,0.011,0.01455396627702392,60,EDx
26,0.108,0.07371101779152194,60,EDx
27,0.007,0.01463349852135043,60,EDx
0,0.018,0.0032691038565255378,59,EDx
1,0.015,0.010674389254239525,59,EDx
2,0.005,0.0,59,EDx
3,0.072,0.0496969004950021,59,EDx
4,0.088,0.06272863380937221,59,EDx
5,0.038,0.05925458870508524,59,EDx
6,0.041,0.05938716601976825,59,EDx
7,0.046,0.05487988731092244,59,EDx
8,0.001,0.010656649072322427,59,EDx
9,0.057,0.031321564986674856,59,EDx
10,0.056,0.05389741051035573,59,EDx
11,0.036,0.04510764258038232,59,EDx
12,0.013,0.03379460163742658,59,EDx
13,0.008,0.028397568066669893,59,EDx
14,0.087,0.09024803791105807,59,EDx
15,0.011,0.024607284810307783,59,EDx
16,0.015,0.0035278858592722694,59,EDx
17,0.036,0.023350175299906985,59,EDx
18,0.054,0.05000769970861548,59,EDx
19,0.034,0.017118510782440324,59,EDx
20,0.014,0.011462484840379077,59,EDx
21,0.0,0.011464271232660613,59,EDx
22,0.032,0.0021835560279098057,59,EDx
23,0.02,0.030842322065294407,59,EDx
24,0.077,0.1198658658549001,59,EDx
25,0.028,0.020715688050750608,59,EDx
26,0.032,0.0450304871246033,59,EDx
27,0.066,0.04650962412715398,59,EDx
0,0.014,0.028614571036459174,58,EDx
1,0.014,0.0132730273123353,58,EDx
2,0.008,0.010261181603485965,58,EDx
3,0.023,0.005523767905531142,58,EDx
4,0.02,0.018407817532333965,58,EDx
5,0.019,0.06887645576523461,58,EDx
6,0.014,0.008052683060750975,58,EDx
7,0.056,0.06415618810310904,58,EDx
8,0.016,0.003996315101879294,58,EDx
9,0.031,0.03447744746905308,58,EDx
10,0.14,0.1377934889032977,58,EDx
11,0.002,0.01465117069875457,58,EDx
12,0.032,0.054382025744016335,58,EDx
13,0.036,0.01876199122138485,58,EDx
14,0.031,0.007954690547797617,58,EDx
15,0.011,0.015392159588459388,58,EDx
16,0.059,0.029272823438244902,58,EDx
17,0.012,0.0069447161188483375,58,EDx
18,0.025,0.018799768002664884,58,EDx
19,0.024,0.04140113782053061,58,EDx
20,0.124,0.09359974098542376,58,EDx
21,0.074,0.05756748274989243,58,EDx
22,0.005,0.0,58,EDx
23,0.098,0.08480682723141579,58,EDx
24,0.089,0.09671433811420128,58,EDx
25,0.0,0.027671655617676837,58,EDx
26,0.006,0.010737921884499057,58,EDx
27,0.017,0.027908606442719086,58,EDx
0,0.01,-1.85854400966823e-19,57,EDx
1,0.004,0.014151827884835919,57,EDx
2,0.097,0.058861467626773877,57,EDx
3,0.019,0.009394790074439385,57,EDx
4,0.075,0.08632441693249099,57,EDx
5,0.096,0.1088957222642865,57,EDx
6,0.044,0.02894508787928727,57,EDx
7,0.022,0.006726804485543917,57,EDx
8,0.072,0.07234627489119468,57,EDx
9,0.019,0.03190475283887962,57,EDx
10,0.007,0.027120137411129834,57,EDx
11,0.036,0.029480551427989235,57,EDx
12,0.008,0.08610047842280345,57,EDx
13,0.035,0.01798511318193676,57,EDx
14,0.178,0.16812520035479445,57,EDx
15,0.014,0.008945688781760679,57,EDx
16,0.011,0.01565599610229458,57,EDx
17,0.007,0.01072657217980632,57,EDx
18,0.003,0.0,57,EDx
19,0.036,0.02237835278549557,57,EDx
20,0.074,0.06194800442719962,57,EDx
21,0.01,0.010950168040959522,57,EDx
22,0.004,7.950499978505597e-19,57,EDx
23,0.061,0.04708166722878676,57,EDx
24,0.015,7.762198699069731e-22,57,EDx
25,0.017,0.028916813526466488,57,EDx
26,0.001,0.02687939437387786,57,EDx
27,0.025,0.020154716876966794,57,EDx
0,0.028,0.004111768055072996,56,EDx
1,0.014,0.014304432868485805,56,EDx
2,0.021,0.02086068322605076,56,EDx
3,0.004,0.022288576615001103,56,EDx
4,0.031,0.03951182029068066,56,EDx
5,0.029,0.023480284990249928,56,EDx
6,0.058,0.04714836898099457,56,EDx
7,0.035,0.03355828117870181,56,EDx
8,0.0,0.027537398756803062,56,EDx
9,0.009,0.02255173295137276,56,EDx
10,0.061,0.06904300336441672,56,EDx
11,0.011,0.07954607047832515,56,EDx
12,0.153,0.1344337848696283,56,EDx
13,0.034,0.03678801644459756,56,EDx
14,0.014,0.019914147739339683,56,EDx
15,0.007,0.029339573824180374,56,EDx
16,0.028,0.02198868138861005,56,EDx
17,0.011,0.0025567556125476888,56,EDx
18,0.047,0.04153621215214796,56,EDx
19,0.021,0.021264317286830092,56,EDx
20,0.151,0.12065500957203255,56,EDx
21,0.014,0.029544884121061675,56,EDx
22,0.092,0.008497748659159626,56,EDx
23,0.039,0.04042614883223996,56,EDx
24,0.04,0.02320261308682613,56,EDx
25,0.009,0.02904670682169607,56,EDx
26,0.007,0.0,56,EDx
27,0.032,0.03686297783294701,56,EDx
0,0.058,0.01341290091334013,55,EDx
1,0.076,0.024291194215818275,55,EDx
2,0.028,-6.763521064470191e-20,55,EDx
3,0.029,0.013786225655392276,55,EDx
4,0.025,0.026019574077231898,55,EDx
5,0.025,0.02250874707264263,55,EDx
6,0.175,0.16542071860711532,55,EDx
7,0.003,0.02271293075331105,55,EDx
8,0.036,0.06316543794621461,55,EDx
9,0.015,0.0253215589221222,55,EDx
10,0.008,0.0,55,EDx
11,0.015,0.05964295505317729,55,EDx
12,0.039,0.09058047596481907,55,EDx
13,0.005,-2.9000884307665427e-19,55,EDx
14,0.02,0.02281960552819246,55,EDx
15,0.008,0.05429827826498029,55,EDx
16,0.037,0.01869037756776567,55,EDx
17,0.033,0.0435622271664357,55,EDx
18,0.04,0.03987852381604621,55,EDx
19,0.023,0.03438974366157318,55,EDx
20,0.028,0.020554626372270585,55,EDx
21,0.004,0.01939045207171735,55,EDx
22,0.082,0.01689334070355393,55,EDx
23,0.045,0.04308648311413474,55,EDx
24,0.117,0.12937637367000362,55,EDx
25,0.002,0.008286586227089223,55,EDx
26,0.0,0.0011821807482665435,55,EDx
27,0.024,0.020728481906785667,55,EDx
0,0.011,0.00484727708456747,54,EDx
1,0.007,0.009800142353381882,54,EDx
2,0.019,0.0020024182124308196,54,EDx
3,0.053,0.03025343628327866,54,EDx
4,0.008,0.007014549502650066,54,EDx
5,0.051,0.04846123774885142,54,EDx
6,0.047,0.06139891704304142,54,EDx
7,0.075,0.07945679106656892,54,EDx
8,0.103,0.10994286010260625,54,EDx
9,0.024,0.015206164251059086,54,EDx
10,0.013,0.0,54,EDx
11,0.048,0.02983074725037847,54,EDx
12,0.011,0.04776079850000184,54,EDx
13,0.013,0.019687612456351016,54,EDx
14,0.035,0.040344728203415677,54,EDx
15,0.022,0.020728257579154263,54,EDx
16,0.007,0.00386112702518843,54,EDx
17,0.04,0.04140145045577875,54,EDx
18,0.0,0.008254997924662869,54,EDx
19,0.031,0.0168270778467438,54,EDx
20,0.003,0.01223480251237052,54,EDx
21,0.032,0.03553809092557516,54,EDx
22,0.006,0.016314138323923224,54,EDx
23,0.003,0.0007519304767806029,54,EDx
24,0.01,0.005591342841017835,54,EDx
25,0.03,0.032458559311614704,54,EDx
26,0.243,0.23380392275590153,54,EDx
27,0.055,0.06622662196270535,54,EDx
0,0.031,-9.214914304936906e-20,53,EDx
1,0.002,0.013583559121558127,53,EDx
2,0.009,0.0,53,EDx
3,0.044,0.05052191060218814,53,EDx
4,0.0,0.0010473320745063095,53,EDx
5,0.008,0.013788747689823837,53,EDx
6,0.022,0.05840049916048232,53,EDx
7,0.112,0.10057189716736599,53,EDx
8,0.06,0.10518858581158011,53,EDx
9,0.055,0.015998454739765494,53,EDx
10,0.041,0.05181709873757386,53,EDx
11,0.0,0.04394619217346639,53,EDx
12,0.199,0.20409326584104565,53,EDx
13,0.041,0.024364518386100265,53,EDx
14,0.061,0.0636062951962163,53,EDx
15,0.028,0.017031940445695424,53,EDx
16,0.018,0.014172783704722565,53,EDx
17,0.012,0.010879925623015542,53,EDx
18,0.002,0.007695619850375881,53,EDx
19,0.068,0.07214696256202907,53,EDx
20,0.05,0.03357418900784758,53,EDx
21,0.039,0.04736169018944528,53,EDx
22,0.039,0.00032734940381307803,53,EDx
23,0.011,0.001335845411444698,53,EDx
24,0.008,0.005902757621834871,53,EDx
25,0.002,0.014115041578598256,53,EDx
26,0.013,0.00399094511791382,53,EDx
27,0.025,0.02453659278159115,53,EDx
0,0.001,0.0,52,EDx
1,0.128,0.061382268653609004,52,EDx
2,0.003,-1.4717983067323967e-18,52,EDx
3,0.027,0.016656565132792362,52,EDx
4,0.007,0.003992162768043273,52,EDx
5,0.013,0.044575677962546655,52,EDx
6,0.003,0.008308469523681672,52,EDx
7,0.027,0.024985344321209153,52,EDx
8,0.092,0.0754429023447838,52,EDx
9,0.014,0.019785356368773002,52,EDx
10,0.029,0.025278645892122593,52,EDx
11,0.012,0.04615528918089839,52,EDx
12,0.002,0.05294021438979081,52,EDx
13,0.046,0.03922801027844069,52,EDx
14,0.035,0.016332487280396647,52,EDx
15,0.016,0.07622255788094517,52,EDx
16,0.035,0.013203998852011425,52,EDx
17,0.003,-3.5132011326791454e-19,52,EDx
18,0.245,0.23970113326794398,52,EDx
19,0.007,0.012673034162290576,52,EDx
20,0.038,0.02526785595625628,52,EDx
21,0.004,0.017655787348952862,52,EDx
22,0.069,0.01741346629474435,52,EDx
23,0.008,0.01347959746983626,52,EDx
24,0.045,0.08484692285614705,52,EDx
25,0.009,7.833239408736222e-19,52,EDx
26,0.081,0.05113335042790679,52,EDx
27,0.001,0.013338901385877233,52,EDx
0,0.0,0.009365563882616305,51,EDx
1,0.015,0.0032033314098431523,51,EDx
2,0.006,0.007777408966590668,51,EDx
3,0.001,0.0023119111034607107,51,EDx
4,0.073,0.08098175686362899,51,EDx
5,0.025,0.12592051859130834,51,EDx
6,0.081,0.0756509914690875,51,EDx
7,0.041,0.05432012560962507,51,EDx
8,0.007,0.0005969142127771349,51,EDx
9,0.019,0.029160936563255777,51,EDx
10,0.004,0.002097755601872072,51,EDx
11,0.042,0.07604795238499806,51,EDx
12,0.016,0.01680882352159049,51,EDx
13,0.06,0.023970486868835166,51,EDx
14,0.087,0.017789697486395764,51,EDx
15,0.008,0.02262071306229598,51,EDx
16,0.125,0.06318043303068453,51,EDx
17,0.053,0.05738067471233153,51,EDx
18,0.002,0.0,51,EDx
19,0.012,0.031674519046920396,51,EDx
20,0.008,0.01651565254075462,51,EDx
21,0.019,0.03584720419381763,51,EDx
22,0.052,0.01010088899939051,51,EDx
23,0.045,0.04460809177075565,51,EDx
24,0.057,0.04086945906315045,51,EDx
25,0.072,0.09378457550474001,51,EDx
26,0.036,0.01034300265683268,51,EDx
27,0.034,0.04707061088244091,51,EDx
0,0.015,0.002807545793994778,50,EDx
1,0.016,0.07318498467981004,50,EDx
2,0.02,0.0,50,EDx
3,0.051,0.03461036598430154,50,EDx
4,0.013,0.02323051960805667,50,EDx
5,0.011,-1.1909984454320085e-20,50,EDx
6,0.013,0.049227564986825775,50,EDx
7,0.006,0.012973618038087551,50,EDx
8,0.072,0.08182244904196623,50,EDx
9,0.054,0.01622180663888409,50,EDx
10,0.145,0.14922917748766537,50,EDx
11,0.014,0.03452481760940244,50,EDx
12,0.031,0.03803249696734065,50,EDx
13,0.016,0.008686194661925273,50,EDx
14,0.001,0.031660514248188595,50,EDx
15,0.201,0.1404359504905599,50,EDx
16,0.003,0.002430328868549397,50,EDx
17,0.03,0.00438629654844867,50,EDx
18,0.034,0.02389359087467494,50,EDx
19,0.002,0.00448665481343067,50,EDx
20,0.063,0.05990263451654571,50,EDx
21,0.047,0.062388265366637455,50,EDx
22,0.016,0.007887065882603805,50,EDx
23,0.009,0.010046443925776848,50,EDx
24,0.053,0.04344055786037111,50,EDx
25,0.04,0.06270573081349255,50,EDx
26,0.0,0.0007917910741402185,50,EDx
27,0.024,0.02099263321831979,50,EDx
0,0.109,0.03979794091005008,49,EDx
1,0.012,0.020909919827824423,49,EDx
2,0.023,-9.44463220035352e-19,49,EDx
3,0.043,0.03798831917617821,49,EDx
4,0.049,0.040950435170994885,49,EDx
5,0.008,0.03613954267513271,49,EDx
6,0.027,0.021931661134404968,49,EDx
7,0.1,0.10876407211479505,49,EDx
8,0.167,0.23109714975567988,49,EDx
9,0.001,0.011857201582727898,49,EDx
10,0.041,0.03490905038350922,49,EDx
11,0.0,0.020978281159863884,49,EDx
12,0.014,0.05523381313088229,49,EDx
13,0.001,0.014643694208554766,49,EDx
14,0.026,0.0044956702320651,49,EDx
15,0.025,0.019979784256572628,49,EDx
16,0.015,0.00941747440452138,49,EDx
17,0.13,0.13664509019222146,49,EDx
18,0.058,0.05360581576657225,49,EDx
19,0.002,0.0018485343080772982,49,EDx
20,0.022,0.025713538229052,49,EDx
21,0.027,0.022092566400648855,49,EDx
22,0.031,0.003255488416804233,49,EDx
23,0.004,0.0,49,EDx
24,0.011,0.013786461924329842,49,EDx
25,0.034,0.03248270151441934,49,EDx
26,0.013,0.0008733401166392668,49,EDx
27,0.007,0.0006024530074779655,49,EDx
0,0.044,0.03276353281371772,48,EDx
1,0.061,0.030048858995120338,48,EDx
2,0.017,-5.786743844114589e-20,48,EDx
3,0.01,0.0,48,EDx
4,0.017,0.0025951102863855133,48,EDx
5,0.067,0.09276514026839354,48,EDx
6,0.055,0.05307017438693399,48,EDx
7,0.001,0.014883348421982481,48,EDx
8,0.024,0.04594192057739981,48,EDx
9,0.036,0.03421194524336437,48,EDx
10,0.051,0.043526581696300894,48,EDx
11,0.038,0.04909610944758017,48,EDx
12,0.001,0.04227764864701536,48,EDx
13,0.025,0.02857433017366789,48,EDx
14,0.043,0.026241832682787455,48,EDx
15,0.04,0.05697528988315748,48,EDx
16,0.012,0.0009141556573490666,48,EDx
17,0.059,0.07041900828787194,48,EDx
18,0.046,0.05264432000688804,48,EDx
19,0.08,0.06856681618872135,48,EDx
20,0.022,0.023055572698338984,48,EDx
21,0.089,0.0916026015802735,48,EDx
22,0.035,0.0025377000412865587,48,EDx
23,0.026,0.025365973166527406,48,EDx
24,0.021,0.0033697533548612086,48,EDx
25,0.055,0.07469092658070185,48,EDx
26,0.006,0.008815834377005838,48,EDx
27,0.019,0.025045514536367275,48,EDx
0,0.006,1.5482184791944425e-18,47,EDx
1,0.098,0.04497696651877034,47,EDx
2,0.009,0.0,47,EDx
3,0.024,0.04350903796652523,47,EDx
4,0.033,0.031846504487106304,47,EDx
5,0.013,0.05426367036196983,47,EDx
6,0.08,0.1546261676080817,47,EDx
7,0.03,0.03594465528242044,47,EDx
8,0.034,0.04428180923362718,47,EDx
9,0.128,0.03449705290974005,47,EDx
10,0.037,0.03308418309975219,47,EDx
11,0.03,0.039899537775650584,47,EDx
12,0.027,0.024965725949827572,47,EDx
13,0.024,0.0031283055727876112,47,EDx
14,0.009,0.0006626000545417374,47,EDx
15,0.039,0.07059071407815848,47,EDx
16,0.038,0.016473270348819926,47,EDx
17,0.002,-1.335331022507291e-20,47,EDx
18,0.006,0.009075016391953373,47,EDx
19,0.151,0.11509006178569683,47,EDx
20,0.002,0.02342925512837672,47,EDx
21,0.019,0.036341720638899275,47,EDx
22,0.017,0.010001849270675966,47,EDx
23,0.04,0.04372513059611639,47,EDx
24,0.033,0.037713359766571065,47,EDx
25,0.014,0.038857727335979766,47,EDx
26,0.019,0.016450588078805346,47,EDx
27,0.038,0.03656508975914596,47,EDx
0,0.021,0.022674059947291873,46,EDx
1,0.045,0.02159549707594938,46,EDx
2,0.024,0.016796241726457443,46,EDx
3,0.07,0.04597877171577152,46,EDx
4,0.048,0.04546301766499254,46,EDx
5,0.031,0.038039347943006604,46,EDx
6,0.007,0.025526606164232194,46,EDx
7,0.045,0.04136265559791364,46,EDx
8,0.067,0.06460215253813266,46,EDx
9,0.039,0.02394385290315008,46,EDx
10,0.001,0.0,46,EDx
11,0.051,0.0580606436887606,46,EDx
12,0.045,0.04688414972137625,46,EDx
13,0.014,0.028911287243283672,46,EDx
14,0.005,0.01634961070993429,46,EDx
15,0.018,0.02999424006365956,46,EDx
16,0.056,0.029141955111999233,46,EDx
17,0.027,0.03300735693281851,46,EDx
18,0.052,0.038610913532762796,46,EDx
19,0.024,0.05039255532189933,46,EDx
20,0.077,0.10272247129973212,46,EDx
21,0.067,0.06649048949129473,46,EDx
22,0.01,0.008286440168031452,46,EDx
23,0.04,0.025728626307415108,46,EDx
24,0.003,0.02223956309743728,46,EDx
25,0.06,0.04472538407538282,46,EDx
26,0.012,0.0,46,EDx
27,0.041,0.05247210995731433,46,EDx
0,0.134,0.04394547992568786,45,EDx
1,0.068,0.022159007972021555,45,EDx
2,0.059,0.01989720178434974,45,EDx
3,0.0,0.0030933084273902416,45,EDx
4,0.016,0.04959415089342516,45,EDx
5,0.055,0.04772236282950482,45,EDx
6,0.01,0.040361592290610315,45,EDx
7,0.026,0.025737232947218202,45,EDx
8,0.016,0.10127982462718721,45,EDx
9,0.062,0.031114778189849264,45,EDx
10,0.001,0.008776742780325539,45,EDx
11,0.012,0.03269658807010657,45,EDx
12,0.032,0.07774237907997113,45,EDx
13,0.013,0.00017821818447382712,45,EDx
14,0.018,0.03179642497989754,45,EDx
15,0.016,0.04967295711885448,45,EDx
16,0.009,0.0028614232347128695,45,EDx
17,0.0,0.0039430370469265685,45,EDx
18,0.037,0.03603867370735102,45,EDx
19,0.017,0.03833567327704945,45,EDx
20,0.023,0.015278023750619657,45,EDx
21,0.026,0.029969447691136117,45,EDx
22,0.042,0.008133877206858002,45,EDx
23,0.116,0.09103340537134122,45,EDx
24,0.045,0.029996024237460676,45,EDx
25,0.034,0.04537787910653134,45,EDx
26,0.037,0.025446394657249002,45,EDx
27,0.076,0.0878178906118906,45,EDx
0,0.053,0.0086687381233441,44,EDx
1,0.015,0.019472569463105178,44,EDx
2,0.06,0.018107724358011265,44,EDx
3,0.073,0.05220555685171198,44,EDx
4,0.001,0.01429290739158647,44,EDx
5,0.057,0.04842178630801781,44,EDx
6,0.009,-2.3311906632342254e-19,44,EDx
7,0.008,0.014270418996351385,44,EDx
8,0.006,0.048853650354113015,44,EDx
9,0.0,0.01941456326458653,44,EDx
10,0.0,-1.1208649396345259e-20,44,EDx
11,0.01,-1.0812333772843808e-19,44,EDx
12,0.009,0.06639390154732437,44,EDx
13,0.021,0.0,44,EDx
14,0.044,0.070329542535557,44,EDx
15,0.085,0.07001436369935467,44,EDx
16,0.077,0.04429594975891283,44,EDx
17,0.055,0.050587889253467785,44,EDx
18,0.04,0.02486705160243152,44,EDx
19,0.096,0.11012986377527446,44,EDx
20,0.011,0.03065458840101759,44,EDx
21,0.033,0.03693639729735571,44,EDx
22,0.004,0.002239913818522494,44,EDx
23,0.027,0.03687785703513626,44,EDx
24,0.006,0.009069344942037962,44,EDx
25,0.086,0.09174887963310693,44,EDx
26,0.078,0.08016102150697466,44,EDx
27,0.036,0.03198552008269806,44,EDx
0,0.027,0.006700891635105789,43,EDx
1,0.027,0.02724246231812798,43,EDx
2,0.009,7.356561930760359e-19,43,EDx
3,0.094,0.0496622250048488,43,EDx
4,0.037,0.025516722335688385,43,EDx
5,0.009,-1.1812678574132364e-18,43,EDx
6,0.048,0.0870120591784859,43,EDx
7,0.037,0.04366078622045836,43,EDx
8,0.053,0.055226976256608745,43,EDx
9,0.054,0.016569997089175083,43,EDx
10,0.023,0.008804538570028672,43,EDx
11,0.007,0.023330488970481594,43,EDx
12,0.074,0.09700574569292837,43,EDx
13,0.009,0.022901934993445273,43,EDx
14,0.046,0.0656618880113442,43,EDx
15,0.124,0.11730875306156403,43,EDx
16,0.001,-2.699878079826421e-20,43,EDx
17,0.0,8.2439354140125005e-19,43,EDx
18,0.127,0.11436319105033144,43,EDx
19,0.052,0.06645637133282856,43,EDx
20,0.015,9.113901777958411e-19,43,EDx
21,0.036,0.03613912961769581,43,EDx
22,0.02,0.005050410467294423,43,EDx
23,0.006,0.0006362045155265305,43,EDx
24,0.009,0.06131190486882756,43,EDx
25,0.029,0.051840596614701216,43,EDx
26,0.004,4.336808689942018e-19,43,EDx
27,0.023,0.017596722194503367,43,EDx
0,0.002,0.0,42,EDx
1,0.028,0.020728752096844306,42,EDx
2,0.048,0.028633152277589342,42,EDx
3,0.041,0.03320760426174759,42,EDx
4,0.062,0.03739129033480999,42,EDx
5,0.002,0.0021937081981359134,42,EDx
6,0.041,0.160801442118283,42,EDx
7,0.009,3.5982749854296164e-19,42,EDx
8,0.093,0.09081172314601409,42,EDx
9,0.183,0.05624953846257492,42,EDx
10,0.01,0.006829569833717527,42,EDx
11,0.013,0.018265481779226708,42,EDx
12,0.022,0.022363376526556098,42,EDx
13,0.047,0.012531759922578316,42,EDx
14,0.091,0.10583666542842533,42,EDx
15,0.014,0.023143402362783744,42,EDx
16,0.032,0.019231713485307087,42,EDx
17,0.013,-4.173964822977367e-21,42,EDx
18,0.018,0.02774792865616798,42,EDx
19,0.037,0.049351926547808976,42,EDx
20,0.008,0.0075098117831097905,42,EDx
21,0.073,0.07948715587578623,42,EDx
22,0.004,0.0032824996767285446,42,EDx
23,0.022,0.0276284083478906,42,EDx
24,0.034,0.06358985297972944,42,EDx
25,0.037,0.07772082731553256,42,EDx
26,0.005,0.007433990417949409,42,EDx
27,0.011,0.018028418164702575,42,EDx
0,0.039,0.030300263203943616,41,EDx
1,0.004,0.008676102170466264,41,EDx
2,0.034,0.02234013236750336,41,EDx
3,0.015,0.03797164517122568,41,EDx
4,0.028,0.02341844587353444,41,EDx
5,0.039,0.04658040287179628,41,EDx
6,0.06,0.08183060147936311,41,EDx
7,0.016,0.013699900592622214,41,EDx
8,0.031,0.01674023418304297,41,EDx
9,0.03,6.696145538745413e-05,41,EDx
10,0.024,0.018202026031059027,41,EDx
11,0.002,0.05256523761880124,41,EDx
12,0.038,0.09411239278094585,41,EDx
13,0.128,0.013145059179170252,41,EDx
14,0.052,0.05011584581171498,41,EDx
15,0.002,0.026566121352029824,41,EDx
16,0.001,0.0037598639758513303,41,EDx
17,0.0,0.0,41,EDx
18,0.022,0.03564832255321215,41,EDx
19,0.002,0.012011745636101422,41,EDx
20,0.199,0.12847524844986513,41,EDx
21,0.001,0.026978715911019975,41,EDx
22,0.081,0.007368769340372671,41,EDx
23,0.014,0.006753800513461511,41,EDx
24,0.009,0.046261526218462266,41,EDx
25,0.011,0.1000548919093165,41,EDx
26,0.076,0.03480502105158447,41,EDx
27,0.042,0.061550722298146066,41,EDx
0,0.056,0.024209435075888117,40,EDx
1,0.014,0.01916113913380454,40,EDx
2,0.006,0.007081154543812823,40,EDx
3,0.0,0.010450739948166294,40,EDx
4,0.004,0.008420786551637107,40,EDx
5,0.017,0.023171249606941315,40,EDx
6,0.057,0.07191083618363875,40,EDx
7,0.121,0.12485148922164463,40,EDx
8,0.077,0.09657147370427624,40,EDx
9,0.027,0.01473947528539018,40,EDx
10,0.02,0.02565006737643494,40,EDx
11,0.037,0.068955354154948,40,EDx
12,0.04,0.0295470392307031,40,EDx
13,0.02,0.007328740678649199,40,EDx
14,0.027,0.03863211000318285,40,EDx
15,0.012,0.01428018976024726,40,EDx
16,0.01,0.00964861220608293,40,EDx
17,0.054,0.036188062069481976,40,EDx
18,0.079,0.06682432048434082,40,EDx
19,0.047,0.052004770477011276,40,EDx
20,0.032,0.01723120153967626,40,EDx
21,0.0,0.019302832805507236,40,EDx
22,0.043,0.0,40,EDx
23,0.019,0.024006690791309307,40,EDx
24,0.045,0.046953339881269776,40,EDx
25,0.008,0.016683411404236494,40,EDx
26,0.029,0.03954031679777484,40,EDx
27,0.099,0.08665516108394389,40,EDx
0,0.004,-3.4815988368689184e-19,39,EDx
1,0.007,0.02223594532925096,39,EDx
2,0.027,0.021447574832568306,39,EDx
3,0.007,5.056706684034068e-19,39,EDx
4,0.002,0.023043667015819547,39,EDx
5,0.151,0.13310212715204162,39,EDx
6,0.001,0.05098100481316345,39,EDx
7,0.02,0.032058673231031384,39,EDx
8,0.013,-1.3351786649804021e-18,39,EDx
9,0.063,0.01645367136496949,39,EDx
10,0.012,0.01388559949696051,39,EDx
11,0.095,0.10308245459613741,39,EDx
12,0.106,0.1430819037217676,39,EDx
13,0.038,-4.525014303511026e-19,39,EDx
14,0.04,0.0725228757199361,39,EDx
15,0.053,0.04992426179225854,39,EDx
16,0.042,0.02643411712704124,39,EDx
17,0.029,0.03250767896697498,39,EDx
18,0.002,0.0,39,EDx
19,0.012,0.008011180954135774,39,EDx
20,0.02,0.028764618504349287,39,EDx
21,0.132,0.1255449983201458,39,EDx
22,0.023,0.0040089951056347176,39,EDx
23,0.032,0.020849483202160683,39,EDx
24,0.003,-1.452871344853882e-20,39,EDx
25,0.038,0.04627101711465893,39,EDx
26,0.009,0.009600696868719338,39,EDx
27,0.019,0.01618745477027428,39,EDx
0,0.013,0.01670445688363806,38,EDx
1,0.052,0.011113102457151337,38,EDx
2,0.007,0.0057308432930359395,38,EDx
3,0.024,0.01714615976492313,38,EDx
4,0.007,0.023872063396174124,38,EDx
5,0.068,0.07116416704124333,38,EDx
6,0.049,0.024751180933222088,38,EDx
7,0.02,0.00684828865538629,38,EDx
8,0.068,0.08831694437747739,38,EDx
9,0.01,0.031092023450845493,38,EDx
10,0.039,0.034059502149460456,38,EDx
11,0.03,0.06974530927571133,38,EDx
12,0.068,0.06269445237760854,38,EDx
13,0.022,0.0,38,EDx
14,0.034,0.03690210402590205,38,EDx
15,0.0,0.025324683803674627,38,EDx
16,0.029,0.020634330491206544,38,EDx
17,0.076,0.07633343488817992,38,EDx
18,0.003,0.018528573318380377,38,EDx
19,0.061,0.0738731564314933,38,EDx
20,0.04,0.037818676066232564,38,EDx
21,0.054,0.05031313375082514,38,EDx
22,0.047,0.00836412073913839,38,EDx
23,0.004,0.01643108198705267,38,EDx
24,0.024,4.287068365862718e-21,38,EDx
25,0.006,0.02244375442225424,38,EDx
26,0.074,0.08616993150733143,38,EDx
27,0.071,0.06362452451245115,38,EDx
0,0.035,0.024289362640220944,37,EDx
1,0.01,0.01769010477005972,37,EDx
2,0.059,0.020272196144355017,37,EDx
3,0.003,0.0,37,EDx
4,0.004,0.014402949498579206,37,EDx
5,0.046,0.028861730613529406,37,EDx
6,0.012,0.023088320358231273,37,EDx
7,0.026,0.03108367611999708,37,EDx
8,0.001,0.002706469670077989,37,EDx
9,0.023,0.01449666906424482,37,EDx
10,0.001,2.5713175336422662e-19,37,EDx
11,0.091,0.10537759018945414,37,EDx
12,0.051,0.11179279385309804,37,EDx
13,0.023,0.03090978010941154,37,EDx
14,0.011,0.027725524577472575,37,EDx
15,0.034,0.04533759133748705,37,EDx
16,0.004,0.007082109521033406,37,EDx
17,0.044,0.03906091989462616,37,EDx
18,0.031,0.026159049687042014,37,EDx
19,0.012,0.0002824979433224458,37,EDx
20,0.029,0.022604554175727175,37,EDx
21,0.021,0.032712065810969,37,EDx
22,0.063,0.010310978409159875,37,EDx
23,0.011,0.0034238929892380205,37,EDx
24,0.004,0.030239183995810243,37,EDx
25,0.026,0.005329736111881393,37,EDx
26,0.237,0.2198844409574874,37,EDx
27,0.088,0.10487581155748416,37,EDx
0,0.014,0.0015030367857529969,36,EDx
1,0.038,0.02396318768893548,36,EDx
2,0.015,0.0,36,EDx
3,0.014,0.018747014842656354,36,EDx
4,0.058,0.03458718600042199,36,EDx
5,0.008,0.02666090458016917,36,EDx
6,0.017,0.03532645537218209,36,EDx
7,0.011,0.024169708232372192,36,EDx
8,0.0,0.01670943502655859,36,EDx
9,0.027,0.00305302980965417,36,EDx
10,0.039,0.02800901176284132,36,EDx
11,0.065,0.09029621685332831,36,EDx
12,0.003,0.04993221396428576,36,EDx
13,0.014,0.020642198748209908,36,EDx
14,0.014,-1.3720383052795478e-19,36,EDx
15,0.048,0.051717751316404055,36,EDx
16,0.014,0.012095403244866751,36,EDx
17,0.035,0.036347803086867754,36,EDx
18,0.0,0.007077781590102485,36,EDx
19,0.034,0.040079004337010296,36,EDx
20,0.077,0.07895667293873014,36,EDx
21,0.012,0.016521230124128237,36,EDx
22,0.06,0.017123611984976403,36,EDx
23,0.046,0.03472390068641549,36,EDx
24,0.14,0.12176702346774455,36,EDx
25,0.051,0.053642175952896304,36,EDx
26,0.069,0.07478843428562888,36,EDx
27,0.077,0.08155960731686018,36,EDx
0,0.055,0.004516164730930109,35,EDx
1,0.062,0.028367319067815394,35,EDx
2,0.076,0.050682450463323765,35,EDx
3,0.015,0.0175672323762136,35,EDx
4,0.034,0.04020188350533835,35,EDx
5,0.004,0.010069781288443443,35,EDx
6,0.0,0.025136412765506714,35,EDx
7,0.012,0.01964679701618991,35,EDx
8,0.047,0.11012409434609588,35,EDx
9,0.046,0.022301682863595587,35,EDx
10,0.069,0.06367871273918443,35,EDx
11,0.079,0.08564060651979223,35,EDx
12,0.009,0.006959869667398512,35,EDx
13,0.012,0.016596731697872503,35,EDx
14,0.075,0.07862527489157162,35,EDx
15,0.004,0.028125451191414467,35,EDx
16,0.002,0.0036267366549889357,35,EDx
17,0.03,0.02104891561964081,35,EDx
18,0.023,0.015259524595010772,35,EDx
19,0.023,0.028556074351125983,35,EDx
20,0.028,0.0452283231285882,35,EDx
21,0.006,0.021261651224158427,35,EDx
22,0.02,0.01865790573148264,35,EDx
23,0.054,0.05280611473772346,35,EDx
24,0.105,0.068133724651909,35,EDx
25,0.014,0.027970733197527454,35,EDx
26,0.044,0.03384568892429493,35,EDx
27,0.052,0.055364142052862886,35,EDx
0,0.018,0.005897071681849508,34,EDx
1,0.039,0.011359008186368808,34,EDx
2,0.047,0.01908962610089886,34,EDx
3,0.007,0.0,34,EDx
4,0.008,0.0014280392275261959,34,EDx
5,0.064,0.08042522447536148,34,EDx
6,0.025,0.09493423446744276,34,EDx
7,0.099,0.10397146417835103,34,EDx
8,0.01,0.005691267041269989,34,EDx
9,0.09,0.0159266687815549,34,EDx
10,0.042,0.04063139712858449,34,EDx
11,0.017,0.049472090871439306,34,EDx
12,0.033,0.07145363032718921,34,EDx
13,0.048,0.016872002335899812,34,EDx
14,0.01,0.007333574244533047,34,EDx
15,0.006,0.053860129705613845,34,EDx
16,0.011,0.0027796424906889124,34,EDx
17,0.013,0.008054598416268726,34,EDx
18,0.083,0.07960515692878914,34,EDx
19,0.022,0.01879753632224934,34,EDx
20,0.028,0.04001463191452893,34,EDx
21,0.025,0.03842216293140321,34,EDx
22,0.069,0.014909500060556129,34,EDx
23,0.051,0.043842685489271796,34,EDx
24,0.014,0.04302221567813626,34,EDx
25,0.046,0.06039502599456319,34,EDx
26,0.01,0.0,34,EDx
27,0.065,0.07181141501966115,34,EDx
0,0.001,0.006691543713055608,33,EDx
1,0.021,0.01474382319040405,33,EDx
2,0.038,0.008229148488022642,33,EDx
3,0.097,0.06794829968741838,33,EDx
4,0.018,0.020030239730051407,33,EDx
5,0.047,0.05984854444927223,33,EDx
6,0.099,0.10018762349274898,33,EDx
7,0.017,0.029723574635251642,33,EDx
8,0.014,0.015832520843093213,33,EDx
9,0.014,0.010183471826074472,33,EDx
10,0.019,0.029453192262960705,33,EDx
11,0.028,0.04179630055051084,33,EDx
12,0.037,0.07187492330874744,33,EDx
13,0.026,0.01999455151522682,33,EDx
14,0.001,3.1315363860218357e-19,33,EDx
15,0.044,0.0515804952139881,33,EDx
16,0.027,0.012162002727596936,33,EDx
17,0.013,0.012774634571517476,33,EDx
18,0.002,2.2210369703946794e-20,33,EDx
19,0.03,0.05561976050337696,33,EDx
20,0.075,0.08845154640234093,33,EDx
21,0.023,0.034904794042749716,33,EDx
22,0.026,0.0,33,EDx
23,0.037,0.02618388046719747,33,EDx
24,0.01,0.02089030912563563,33,EDx
25,0.049,0.044972315496893324,33,EDx
26,0.146,0.11316487166249344,33,EDx
27,0.041,0.04275763209337169,33,EDx
0,0.169,0.07356521297699851,32,EDx
1,0.015,0.004462747183407406,32,EDx
2,0.027,1.939355418651232e-21,32,EDx
3,0.008,0.0178526314882286,32,EDx
4,0.061,0.0663437780758081,32,EDx
5,0.105,0.14764429037248467,32,EDx
6,0.039,-3.0504347480131977e-19,32,EDx
7,0.017,0.015490357232461322,32,EDx
8,0.0,0.07257177349855559,32,EDx
9,0.018,0.049227307545162996,32,EDx
10,0.035,0.045385462553034855,32,EDx
11,0.018,0.01275492815710553,32,EDx
12,0.022,0.1285945738234751,32,EDx
13,0.061,0.021736688066721428,32,EDx
14,0.0,0.0,32,EDx
15,0.012,0.021947841672908645,32,EDx
16,0.079,0.04253924830386672,32,EDx
17,0.032,0.02086768722776644,32,EDx
18,0.025,0.0342690461607891,32,EDx
19,0.053,0.048931193231307554,32,EDx
20,0.018,0.002090653302697654,32,EDx
21,0.008,0.010291216259539321,32,EDx
22,0.003,-1.6298335131971705e-20,32,EDx
23,0.038,0.02857127344367187,32,EDx
24,0.025,0.03720872747951075,32,EDx
25,0.093,0.08835563376074483,32,EDx
26,0.013,-4.1845123458118094e-19,32,EDx
27,0.006,0.009297728183752962,32,EDx
0,0.009,0.011382017825720766,31,EDx
1,0.006,0.009129865675653354,31,EDx
2,0.067,0.03532178533903957,31,EDx
3,0.022,0.015113521882204148,31,EDx
4,0.037,0.04473213500711366,31,EDx
5,0.014,0.01415397716465941,31,EDx
6,0.05,0.06081250372595779,31,EDx
7,0.035,0.03256734276076031,31,EDx
8,0.159,0.1442386089328344,31,EDx
9,0.017,0.0036195061734889413,31,EDx
10,0.013,0.027879734237284987,31,EDx
11,0.015,0.07329344324103859,31,EDx
12,0.007,0.07530025874553663,31,EDx
13,0.095,0.024132774496706286,31,EDx
14,0.01,0.007460399454866282,31,EDx
15,0.008,0.02318126211774739,31,EDx
16,0.007,0.010015728232233576,31,EDx
17,0.031,0.033909550520328034,31,EDx
18,0.055,0.045016031771867825,31,EDx
19,0.061,0.0769597020955099,31,EDx
20,0.053,0.026139923020115294,31,EDx
21,0.028,0.05436344735033164,31,EDx
22,0.121,0.01576431182431439,31,EDx
23,0.054,0.04530478372153628,31,EDx
24,0.007,0.0,31,EDx
25,0.011,0.07548169300824464,31,EDx
26,0.002,-3.469446951953614e-18,31,EDx
27,0.006,0.014725691674905894,31,EDx
0,0.0,0.0,30,EDx
1,0.088,0.029812303997597836,30,EDx
2,0.037,0.014499991151110732,30,EDx
3,0.094,0.07870983236281548,30,EDx
4,0.0,0.014958313389490165,30,EDx
5,0.052,0.011157049247327392,30,EDx
6,0.124,0.09520541412359967,30,EDx
7,0.052,0.04186113987546355,30,EDx
8,0.04,0.05512752663794893,30,EDx
9,0.0,0.023242959211162,30,EDx
10,0.029,0.029049796258704602,30,EDx
11,0.026,0.05518762389547763,30,EDx
12,0.025,0.04105114835284558,30,EDx
13,0.034,3.7536085359491577e-19,30,EDx
14,0.023,0.06205836059737629,30,EDx
15,0.048,0.07575462098626401,30,EDx
16,0.007,0.004002389317406293,30,EDx
17,0.003,0.008261975631276937,30,EDx
18,0.014,0.014260682769511455,30,EDx
19,0.004,0.023552863378745705,30,EDx
20,0.033,0.045955593724095224,30,EDx
21,0.034,0.04923482472128732,30,EDx
22,0.046,0.008641977728271948,30,EDx
23,0.004,0.015770485621226047,30,EDx
24,0.02,6.0405203155413874e-21,30,EDx
25,0.146,0.18424957287933671,30,EDx
26,0.013,0.013486230367169224,30,EDx
27,0.004,0.004907323774489325,30,EDx
0,0.02,0.023181050529448754,29,EDx
1,0.023,0.03431917094134489,29,EDx
2,0.035,0.014145911418510878,29,EDx
3,0.056,0.04863420756568801,29,EDx
4,0.012,0.02908419609905452,29,EDx
5,0.017,0.07533714402772368,29,EDx
6,0.066,0.11488025376088809,29,EDx
7,0.002,0.004635075977564442,29,EDx
8,0.029,0.02941109470842872,29,EDx
9,0.061,0.019825833877973695,29,EDx
10,0.046,0.03182489132365713,29,EDx
11,0.017,0.053485956486650124,29,EDx
12,0.021,0.047218638190323355,29,EDx
13,0.072,0.031576015910700056,29,EDx
14,0.014,0.0,29,EDx
15,0.085,0.054154017387335086,29,EDx
16,0.155,0.07815787215874881,29,EDx
17,0.0,0.0019295678853818682,29,EDx
18,0.008,0.01132464695799976,29,EDx
19,0.017,0.02895675214860105,29,EDx
20,0.062,0.07226236013389496,29,EDx
21,0.001,0.013058265503111717,29,EDx
22,0.046,0.012647771121378173,29,EDx
23,0.037,0.04565864078039321,29,EDx
24,0.003,0.0036612903999667904,29,EDx
25,0.013,0.039981150959340926,29,EDx
26,0.047,0.0455489767747128,29,EDx
27,0.035,0.03509924697117839,29,EDx
0,0.007,0.01777629810847486,28,EDx
1,0.025,0.023175061265998106,28,EDx
2,0.008,9.171119549868142e-20,28,EDx
3,0.029,0.0177984341980074,28,EDx
4,0.136,0.12421566111280267,28,EDx
5,0.03,0.05635454760150997,28,EDx
6,0.028,0.018339559939668883,28,EDx
7,0.026,0.034635585159688946,28,EDx
8,0.034,0.035615555318565424,28,EDx
9,0.009,0.019067103758533446,28,EDx
10,0.021,0.0,28,EDx
11,0.054,0.06713412075893231,28,EDx
12,0.0,0.0022635468578941264,28,EDx
13,0.021,0.015756825021609657,28,EDx
14,0.045,0.024414069431782846,28,EDx
15,0.047,0.03544017810843838,28,EDx
16,0.036,0.017606039087687077,28,EDx
17,0.009,0.017148121158992252,28,EDx
18,0.031,0.03799317462172182,28,EDx
19,0.013,0.019768171451393587,28,EDx
20,0.088,0.08177713842240515,28,EDx
21,0.007,0.022872550490461527,28,EDx
22,0.006,0.001088634109855002,28,EDx
23,0.037,0.037913241051648595,28,EDx
24,0.078,0.08171935206334373,28,EDx
25,0.018,0.05372498838640189,28,EDx
26,0.075,0.0478471292501263,28,EDx
27,0.082,0.08855491326405596,28,EDx
0,0.002,0.018383429661434678,27,EDx
1,0.002,0.013639304451021017,27,EDx
2,0.017,0.005444944735055568,27,EDx
3,0.038,0.04047099103220812,27,EDx
4,0.006,0.020186161320002824,27,EDx
5,0.073,0.09841343563570999,27,EDx
6,0.002,0.004584645304619428,27,EDx
7,0.003,1.290068046240246e-19,27,EDx
8,0.106,0.0765268633571034,27,EDx
9,0.01,0.017262907823503433,27,EDx
10,0.026,0.03632490012202968,27,EDx
11,0.002,0.0010920508879751641,27,EDx
12,0.023,0.03478362307241177,27,EDx
13,0.015,0.01265058864681752,27,EDx
14,0.053,0.047322889944165406,27,EDx
15,0.079,0.06973598721771501,27,EDx
16,0.061,0.03325705717540427,27,EDx
17,0.002,0.0,27,EDx
18,0.147,0.109307525941707,27,EDx
19,0.049,0.06378247450153193,27,EDx
20,0.003,0.01710013720003754,27,EDx
21,0.021,0.02258021420903414,27,EDx
22,0.001,0.004982322510952957,27,EDx
23,0.022,0.025268573795422366,27,EDx
24,0.004,0.026695297119847142,27,EDx
25,0.026,0.010565823388745491,27,EDx
26,0.191,0.17566945414537835,27,EDx
27,0.016,0.013968396800165706,27,EDx
0,0.122,0.03474478379857307,26,EDx
1,0.055,0.013905463164948204,26,EDx
2,0.013,4.265811072614901e-20,26,EDx
3,0.001,0.020896196376880276,26,EDx
4,0.002,0.004600194353423157,26,EDx
5,0.012,-2.1574053419812548e-20,26,EDx
6,0.045,0.16607444507575775,26,EDx
7,0.028,0.04008812168131582,26,EDx
8,0.107,0.1813449816550941,26,EDx
9,0.168,0.047186276828940985,26,EDx
10,0.0,4.0737605074065466e-19,26,EDx
11,0.036,0.045192830845966446,26,EDx
12,0.004,0.057782547363142076,26,EDx
13,0.005,-2.2821686170672367e-19,26,EDx
14,0.009,0.029116812102452372,26,EDx
15,0.0,0.038894536146743444,26,EDx
16,0.007,0.008477835948680311,26,EDx
17,0.003,0.0005099308959647399,26,EDx
18,0.049,0.058200746014940595,26,EDx
19,0.155,0.10078364831135232,26,EDx
20,0.032,0.007024768265487266,26,EDx
21,0.004,0.022388893176701508,26,EDx
22,0.019,2.168404344971009e-19,26,EDx
23,0.014,0.018757976850873312,26,EDx
24,0.086,0.07766636744293044,26,EDx
25,0.003,6.893854888118212e-19,26,EDx
26,0.018,0.0172452680855593,26,EDx
27,0.003,0.009117375614272616,26,EDx
0,0.017,0.008437183940600591,25,EDx
1,0.086,0.026219613136632198,25,EDx
2,0.057,0.026745083581417174,25,EDx
3,0.044,0.0479477394087377,25,EDx
4,0.004,0.008195752248139837,25,EDx
5,0.04,0.03521230228167284,25,EDx
6,0.033,0.062410682291448354,25,EDx
7,0.013,0.011192905047006586,25,EDx
8,0.038,0.040116646587643884,25,EDx
9,0.038,0.008368557253944935,25,EDx
10,0.012,0.0,25,EDx
11,0.058,0.04390044655536684,25,EDx
12,0.088,0.12255693471113782,25,EDx
13,0.054,0.006470861488275186,25,EDx
14,0.116,0.12487962402392802,25,EDx
15,0.06,0.0822272453132225,25,EDx
16,0.005,0.010304531782964962,25,EDx
17,0.018,0.014956201559610832,25,EDx
18,0.071,0.06518823374710844,25,EDx
19,0.002,0.009424059441725448,25,EDx
20,0.076,0.0837438770246118,25,EDx
21,0.025,0.03812770670892112,25,EDx
22,0.011,0.01972844312489117,25,EDx
23,0.005,0.01315978833838093,25,EDx
24,0.0,0.01622731371721147,25,EDx
25,0.007,0.05338772212217713,25,EDx
26,0.007,0.0,25,EDx
27,0.015,0.020870544563222237,25,EDx
0,0.005,0.022686433650476935,24,EDx
1,0.013,1.4625657634143877e-20,24,EDx
2,0.008,0.023277400705459094,24,EDx
3,0.029,0.015532888837948811,24,EDx
4,0.024,0.01661775902137964,24,EDx
5,0.029,0.0917816039087724,24,EDx
6,0.061,0.03385217179355829,24,EDx
7,0.003,4.387791511575682e-19,24,EDx
8,0.115,0.09233214392641555,24,EDx
9,0.0,0.017549615338980494,24,EDx
10,0.028,0.020892498852589717,24,EDx
11,0.012,0.016706328311935952,24,EDx
12,0.041,0.04554061493176781,24,EDx
13,0.042,5.33600599053183e-19,24,EDx
14,0.023,0.02564619428979684,24,EDx
15,0.013,0.02517170877736447,24,EDx
16,0.188,0.11400196330802298,24,EDx
17,0.006,0.0,24,EDx
18,0.008,0.021315908922732222,24,EDx
19,0.049,0.06766297279760213,24,EDx
20,0.176,0.13555720022537027,24,EDx
21,0.06,0.07275903307545874,24,EDx
22,0.012,-5.012065304375161e-19,24,EDx
23,0.003,0.021953578214569634,24,EDx
24,0.013,0.027404554108538638,24,EDx
25,0.02,0.05483170823251452,24,EDx
26,0.007,0.019980728352707356,24,EDx
27,0.012,0.016944990416037586,24,EDx
0,0.119,0.05880523742332672,23,EDx
1,0.045,0.030920571719261387,23,EDx
2,0.088,0.04400387964040115,23,EDx
3,0.013,0.007490133564117473,23,EDx
4,0.065,0.06503152486399004,23,EDx
5,0.016,0.031195731937580774,23,EDx
6,0.038,0.006438449798801808,23,EDx
7,0.0,0.0,23,EDx
8,0.017,0.07562714935815358,23,EDx
9,0.0,0.027255270748274125,23,EDx
10,0.046,0.05684126014513981,23,EDx
11,0.013,0.04738403597943586,23,EDx
12,0.003,0.03861854995636055,23,EDx
13,0.019,0.00899303127789014,23,EDx
14,0.0,-1.8823237078719106e-20,23,EDx
15,0.001,0.019027452347716356,23,EDx
16,0.073,0.04409723696993398,23,EDx
17,0.072,0.06887110032330586,23,EDx
18,0.001,0.0002946896254991449,23,EDx
19,0.019,0.03087463360157081,23,EDx
20,0.082,0.06266936144038754,23,EDx
21,0.005,0.024406444436568104,23,EDx
22,0.062,0.010684024726543697,23,EDx
23,0.102,0.1053796175773494,23,EDx
24,0.034,0.03751741671918275,23,EDx
25,0.021,0.0583155714512219,23,EDx
26,0.032,0.0,23,EDx
27,0.014,0.039257624367987076,23,EDx
0,0.014,0.014725029588385124,22,EDx
1,0.027,0.011452385712122199,22,EDx
2,0.103,0.04946589666906816,22,EDx
3,0.046,0.027262272017773388,22,EDx
4,0.052,0.07008004139180561,22,EDx
5,0.015,0.03348096503303985,22,EDx
6,0.007,0.0001882818165101868,22,EDx
7,0.046,0.04032944942111085,22,EDx
8,0.033,0.04347349367522278,22,EDx
9,0.009,0.013031996710811568,22,EDx
10,0.044,0.0597402678485581,22,EDx
11,0.033,0.0358264730577815,22,EDx
12,0.062,0.11480578210137346,22,EDx
13,0.011,0.01654354899361436,22,EDx
14,0.031,0.017106290242366273,22,EDx
15,0.054,0.04878831599147371,22,EDx
16,0.026,0.017856791290994663,22,EDx
17,0.091,0.09724809936421822,22,EDx
18,0.04,0.04112281591340865,22,EDx
19,0.025,0.02622112246443057,22,EDx
20,0.017,0.015887627524475728,22,EDx
21,0.047,0.052730818011795196,22,EDx
22,0.004,0.001883689456049567,22,EDx
23,0.027,0.02078293998878414,22,EDx
24,0.062,0.04084459939982379,22,EDx
25,0.013,0.02364374169175321,22,EDx
26,0.031,0.0272753294986294,22,EDx
27,0.03,0.03820193512461978,22,EDx
0,0.006,0.008194981752192113,21,EDx
1,0.032,0.03857104291182568,21,EDx
2,0.001,0.001720080815022471,21,EDx
3,0.014,0.027019544507437928,21,EDx
4,0.061,0.05218761194774788,21,EDx
5,0.063,0.09286406611786584,21,EDx
6,0.096,0.10817250577414705,21,EDx
7,0.001,0.0068961329445245,21,EDx
8,0.015,0.014533654455406934,21,EDx
9,0.029,0.015474714943368221,21,EDx
10,0.095,0.10525438174795926,21,EDx
11,0.011,0.025364245555238626,21,EDx
12,0.005,8.624486834428699e-19,21,EDx
13,0.08,0.030771990017693658,21,EDx
14,0.003,0.0,21,EDx
15,0.077,0.06546309625512689,21,EDx
16,0.041,0.023278850726531335,21,EDx
17,0.031,0.019800283279305,21,EDx
18,0.029,0.029932041673011688,21,EDx
19,0.067,0.07363189188875535,21,EDx
20,0.003,0.014967003728852249,21,EDx
21,0.06,0.06330241798273543,21,EDx
22,0.006,-6.598152441312825e-21,21,EDx
23,0.074,0.060332367368005,21,EDx
24,0.003,9.244342157537352e-21,21,EDx
25,0.069,0.08140474970819978,21,EDx
26,0.028,0.03966878897228779,21,EDx
27,0.0,0.0011935549267593215,21,EDx
0,0.03,-2.204231921987675e-19,20,EDx
1,0.09,0.030365250616174323,20,EDx
2,0.041,0.016588628108977863,20,EDx
3,0.041,0.029118822968077565,20,EDx
4,0.105,0.09081373526252684,20,EDx
5,0.05,0.07797745308710663,20,EDx
6,0.0,0.000918566700133369,20,EDx
7,0.045,0.05323824682386427,20,EDx
8,0.081,0.11378595459750755,20,EDx
9,0.007,0.004863142146618472,20,EDx
10,0.011,0.0,20,EDx
11,0.036,0.07705859460251512,20,EDx
12,0.028,0.0675728309082829,20,EDx
13,0.029,0.01883627674694316,20,EDx
14,0.017,0.007533505029143343,20,EDx
15,0.032,0.07461407717889033,20,EDx
16,0.039,0.013830365147325116,20,EDx
17,0.001,2.479373151976354e-20,20,EDx
18,0.016,0.01758790862185606,20,EDx
19,0.044,0.06056585376242561,20,EDx
20,0.019,0.04626577241721106,20,EDx
21,0.019,0.024760193057173877,20,EDx
22,0.06,0.008929611486622318,20,EDx
23,0.045,0.03772870786837947,20,EDx
24,0.008,6.697513114029294e-20,20,EDx
25,0.006,0.03550688825640919,20,EDx
26,0.057,0.03499684924581092,20,EDx
27,0.043,0.05654276536002456,20,EDx
0,0.088,0.013653965112224475,19,EDx
1,0.035,0.019146556875055468,19,EDx
2,0.044,0.03390208092647753,19,EDx
3,0.048,0.049280083893809584,19,EDx
4,0.036,0.02119026815331983,19,EDx
5,0.014,1.968857122210545e-19,19,EDx
6,0.197,0.1943629871631165,19,EDx
7,0.065,0.06450781317738509,19,EDx
8,0.013,0.07544563997821724,19,EDx
9,0.027,0.021400139241774443,19,EDx
10,0.003,0.01185240568800704,19,EDx
11,0.006,0.02185687977747211,19,EDx
12,0.025,0.042767744061626714,19,EDx
13,0.002,0.0,19,EDx
14,0.003,0.023609652737048147,19,EDx
15,0.035,0.05462976179591248,19,EDx
16,0.008,0.008452880939671592,19,EDx
17,0.076,0.06718629646792555,19,EDx
18,0.045,0.05619006693982777,19,EDx
19,0.008,0.0035539853912488007,19,EDx
20,0.0,0.007519632933319646,19,EDx
21,0.026,0.034344159516635074,19,EDx
22,0.043,0.006872977834307888,19,EDx
23,0.074,0.07013395662521782,19,EDx
24,0.02,0.019833479290573372,19,EDx
25,0.031,0.028323513323007324,19,EDx
26,0.016,0.03310384473420647,19,EDx
27,0.012,0.016879227422612164,19,EDx
0,0.002,0.010612124377574545,18,EDx
1,0.059,0.02386582260060196,18,EDx
2,0.002,0.012622478595671564,18,EDx
3,0.038,0.03337957089789998,18,EDx
4,0.032,0.012916636501259654,18,EDx
5,0.022,0.05165588992229039,18,EDx
6,0.043,0.08796714461219221,18,EDx
7,0.048,0.040232325368768335,18,EDx
8,0.044,0.04734055304848566,18,EDx
9,0.062,0.015573055891854164,18,EDx
10,0.093,0.06407243201353964,18,EDx
11,0.0,0.03380126743405821,18,EDx
12,0.019,0.006647846407781302,18,EDx
13,0.025,0.007587996657737511,18,EDx
14,0.0,0.0024317354319066667,18,EDx
15,0.014,0.049492419145392194,18,EDx
16,0.092,0.049890040648668164,18,EDx
17,0.008,0.0,18,EDx
18,0.024,0.039447303073243435,18,EDx
19,0.07,0.07602742907287297,18,EDx
20,0.029,0.03276229668033187,18,EDx
21,0.004,0.00866116115139809,18,EDx
22,0.051,0.005364946560772202,18,EDx
23,0.052,0.0663403371180934,18,EDx
24,0.002,0.033236403366197716,18,EDx
25,0.115,0.1391205814022167,18,EDx
26,0.042,0.03407813810079659,18,EDx
27,0.008,0.014872063918394796,18,EDx
0,0.123,0.04658516277840762,17,EDx
1,0.076,0.03492848217528542,17,EDx
2,0.013,0.004144139234220698,17,EDx
3,0.059,0.040976558304051454,17,EDx
4,0.015,0.008286302653898825,17,EDx
5,0.016,0.0,17,EDx
6,0.028,0.015156467277493967,17,EDx
7,0.037,0.03222859634670391,17,EDx
8,0.046,0.1133636070058503,17,EDx
9,0.016,0.025084629067425025,17,EDx
10,0.041,0.036382513227402,17,EDx
11,0.108,0.11204405966057239,17,EDx
12,0.003,0.06949833954801651,17,EDx
13,0.045,0.015464200323838264,17,EDx
14,0.019,0.041016226268261166,17,EDx
15,0.05,0.09744184543830448,17,EDx
16,0.041,0.032481383491800506,17,EDx
17,0.027,0.03348286527290306,17,EDx
18,0.009,0.0169585545521049,17,EDx
19,0.006,0.015750587222944177,17,EDx
20,0.069,0.04106054452726215,17,EDx
21,0.005,0.013693908730412093,17,EDx
22,0.038,0.008320772154321532,17,EDx
23,0.036,0.030365618546662098,17,EDx
24,0.016,0.043523466348276224,17,EDx
25,0.016,0.04170565638332222,17,EDx
26,0.022,0.0,17,EDx
27,0.02,0.03005551346025903,17,EDx
0,0.043,0.010889385547435336,16,EDx
1,0.0,0.015989806567323708,16,EDx
2,0.023,0.009951298490219751,16,EDx
3,0.05,0.038845514999695095,16,EDx
4,0.041,0.05406501204712812,16,EDx
5,0.056,0.08848928563852211,16,EDx
6,0.02,0.05459504861454577,16,EDx
7,0.002,0.0008902231725179589,16,EDx
8,0.019,0.052628865185665584,16,EDx
9,0.039,3.138031237554073e-20,16,EDx
10,0.062,0.06434530384054331,16,EDx
11,0.047,0.06269932933686329,16,EDx
12,0.014,0.07544260561544229,16,EDx
13,0.037,0.0,16,EDx
14,0.057,0.033493511941923286,16,EDx
15,0.016,0.015070529633196291,16,EDx
16,0.012,0.013152198580082831,16,EDx
17,0.085,0.09680386568437697,16,EDx
18,0.033,0.03908311808275577,16,EDx
19,0.002,0.01503559500534696,16,EDx
20,0.001,-1.6221951617852855e-20,16,EDx
21,0.021,0.015069714447897094,16,EDx
22,0.05,0.015572664815581089,16,EDx
23,0.018,0.006508214536823576,16,EDx
24,0.062,0.04244359325608448,16,EDx
25,0.006,-7.287338027155685e-19,16,EDx
26,0.058,0.04878415969339293,16,EDx
27,0.126,0.13015115526663634,16,EDx
0,0.16,0.07578494742866371,15,EDx
1,0.025,0.007078236768560668,15,EDx
2,0.023,-3.346696295664582e-20,15,EDx
3,0.011,0.01947548081598721,15,EDx
4,0.084,0.0651422034743746,15,EDx
5,0.004,0.025865735651564168,15,EDx
6,0.002,0.038092756757280945,15,EDx
7,0.013,0.02879452837525991,15,EDx
8,0.013,0.10006843834152589,15,EDx
9,0.058,0.013025274492278959,15,EDx
10,0.033,0.043914875142730014,15,EDx
11,0.04,0.044840734920686624,15,EDx
12,0.081,0.14885085532577202,15,EDx
13,0.086,0.02993103094988793,15,EDx
14,0.001,0.006902127616060828,15,EDx
15,0.026,0.03667304632558743,15,EDx
16,0.013,0.0012992113787402668,15,EDx
17,0.034,0.028534015487097754,15,EDx
18,0.015,0.0173705828043539,15,EDx
19,0.024,0.014138855772668312,15,EDx
20,0.081,0.057672257881548276,15,EDx
21,0.023,0.03246802858007413,15,EDx
22,0.009,0.0,15,EDx
23,0.007,0.0009621693727845184,15,EDx
24,0.079,0.09437314406386905,15,EDx
25,0.004,0.043651593083363784,15,EDx
26,0.046,0.015037403278984889,15,EDx
27,0.005,0.010052465910294184,15,EDx
0,0.045,0.0312550411630559,14,EDx
1,0.02,0.0664712834289525,14,EDx
2,0.012,-6.888560395201338e-20,14,EDx
3,0.017,0.0,14,EDx
4,0.097,0.07996246349467942,14,EDx
5,0.016,0.0775036804937403,14,EDx
6,0.008,0.017767623207598598,14,EDx
7,0.049,0.04366178495139636,14,EDx
8,0.039,0.052598244371127485,14,EDx
9,0.023,0.016359499293686155,14,EDx
10,0.008,0.007410495821189916,14,EDx
11,0.026,0.09425781080373197,14,EDx
12,0.042,0.06702327596135213,14,EDx
13,0.008,0.018636104907213107,14,EDx
14,0.041,0.005423998780876366,14,EDx
15,0.137,0.10950716127764612,14,EDx
16,0.085,0.033560291443252885,14,EDx
17,0.013,0.014974147572144323,14,EDx
18,0.062,0.05171915418158809,14,EDx
19,0.007,0.022207983933302,14,EDx
20,0.006,0.0,14,EDx
21,0.029,0.035310018786256205,14,EDx
22,0.1,0.01366284273790293,14,EDx
23,0.049,0.04979122159224843,14,EDx
24,0.033,0.04187001616241964,14,EDx
25,0.021,0.03165679909215066,14,EDx
26,0.003,0.0,14,EDx
27,0.004,0.017409056542488366,14,EDx
0,0.067,0.013148825034274718,13,EDx
1,0.012,0.007290480645833249,13,EDx
2,0.015,0.008119424567272732,13,EDx
3,0.038,0.01901756290527398,13,EDx
4,0.089,0.09190606419385378,13,EDx
5,0.003,0.0,13,EDx
6,0.039,0.03308008025395656,13,EDx
7,0.008,0.021424877751978228,13,EDx
8,0.009,0.05296223423268067,13,EDx
9,0.013,0.00969165989620933,13,EDx
10,0.033,0.040132671897307653,13,EDx
11,0.031,0.0304490473321109,13,EDx
12,0.06,0.08249351680309909,13,EDx
13,0.058,0.028719839497037027,13,EDx
14,0.096,0.09180152556031891,13,EDx
15,0.016,0.023694557188757598,13,EDx
16,0.01,0.007453401418695549,13,EDx
17,0.002,0.020479683366755822,13,EDx
18,0.04,0.03770584107749476,13,EDx
19,0.002,0.002766014935569787,13,EDx
20,0.112,0.09977382551323198,13,EDx
21,0.044,0.04614644801198137,13,EDx
22,0.004,0.009448039170230616,13,EDx
23,0.01,0.009547645354282925,13,EDx
24,0.009,0.016217739644805596,13,EDx
25,0.03,0.038908360445194766,13,EDx
26,0.063,0.08415793463018534,13,EDx
27,0.087,0.07346269867160715,13,EDx
0,0.028,0.001693110365571555,12,EDx
1,0.073,0.047280454472860806,12,EDx
2,0.014,0.0,12,EDx
3,0.002,1.0193040184903305e-19,12,EDx
4,0.016,0.01903833630817368,12,EDx
5,0.047,0.0552138718243433,12,EDx
6,0.002,0.012352492568872156,12,EDx
7,0.1,0.11895830655382224,12,EDx
8,0.012,0.029070807933655626,12,EDx
9,0.008,0.00023679315946064047,12,EDx
10,0.027,0.03064122966206827,12,EDx
11,0.008,0.016575260670679447,12,EDx
12,0.068,0.09562602311282566,12,EDx
13,0.023,0.02144621430057237,12,EDx
14,0.02,0.02907894129872131,12,EDx
15,0.123,0.13023455317140611,12,EDx
16,0.027,0.016434233464448403,12,EDx
17,0.024,0.02818162915661,12,EDx
18,0.075,0.058744441333133085,12,EDx
19,0.006,0.009162184611222276,12,EDx
20,0.0,0.012065948988135412,12,EDx
21,0.102,0.09634261105667147,12,EDx
22,0.029,0.02204492690923277,12,EDx
23,0.038,0.03821148130994365,12,EDx
24,0.008,0.013015463218082461,12,EDx
25,0.065,0.052952198801531895,12,EDx
26,0.008,0.010477660710887045,12,EDx
27,0.047,0.03492082503706828,12,EDx
0,0.003,4.910823045932576e-19,11,EDx
1,0.01,0.01347855409749176,11,EDx
2,0.072,0.04776819844743525,11,EDx
3,0.011,1.772178160645048e-19,11,EDx
4,0.029,0.045735031107177235,11,EDx
5,0.041,0.0441474960161618,11,EDx
6,0.122,0.1021286381622414,11,EDx
7,0.13,0.1184478667520695,11,EDx
8,0.031,0.018430859329652338,11,EDx
9,0.001,0.018867330735678083,11,EDx
10,0.028,0.03968681763072096,11,EDx
11,0.012,0.01915544622199441,11,EDx
12,0.01,0.04926988798848278,11,EDx
13,0.033,0.01705108717927707,11,EDx
14,0.01,0.01288322149063172,11,EDx
15,0.005,0.011611030194267085,11,EDx
16,0.001,0.0,11,EDx
17,0.008,0.0013708514023684768,11,EDx
18,0.048,0.04640517792939551,11,EDx
19,0.015,0.012474628843343976,11,EDx
20,0.013,0.0008184517201860833,11,EDx
21,0.14,0.1490736093245346,11,EDx
22,0.019,0.014548482853087392,11,EDx
23,0.01,0.010624345798846668,11,EDx
24,0.039,0.03725910284631855,11,EDx
25,0.038,0.06192701051411242,11,EDx
26,0.115,0.09876338047618967,11,EDx
27,0.006,0.008073492938335258,11,EDx
0,0.041,0.014621326635163872,10,EDx
1,0.112,0.04345606474447074,10,EDx
2,0.016,-9.225127925841221e-21,10,EDx
3,0.018,-2.363754751736162e-19,10,EDx
4,0.124,0.09699409055476678,10,EDx
5,0.004,0.024141029731650297,10,EDx
6,0.007,0.04269617997685367,10,EDx
7,0.006,0.006892931970017438,10,EDx
8,0.042,0.07289099038111162,10,EDx
9,0.031,0.00364998968426784,10,EDx
10,0.047,0.052714208125274185,10,EDx
11,0.035,0.059504923994212686,10,EDx
12,0.034,0.070455123850181,10,EDx
13,0.007,-3.661052716257457e-19,10,EDx
14,0.054,0.07802261819721393,10,EDx
15,0.012,0.07316003957548046,10,EDx
16,0.076,0.037852923211725086,10,EDx
17,0.009,0.0,10,EDx
18,0.036,0.027199177727835363,10,EDx
19,0.0,0.005666607257007651,10,EDx
20,0.003,0.012458171038401997,10,EDx
21,0.112,0.11383832478745247,10,EDx
22,0.077,0.018604731040053113,10,EDx
23,0.015,0.019090384955431795,10,EDx
24,0.008,0.022413467556399048,10,EDx
25,0.04,0.07151279649690756,10,EDx
26,0.022,0.00471984935784688,10,EDx
27,0.012,0.02744404915027443,10,EDx
0,0.022,0.005897597279733597,9,EDx
1,0.014,0.001534132328733886,9,EDx
2,0.012,0.0,9,EDx
3,0.02,0.022487256477009786,9,EDx
4,0.028,0.02291191668352162,9,EDx
5,0.001,0.022180127635700403,9,EDx
6,0.07,0.10363986413307642,9,EDx
7,0.019,0.02202542875718624,9,EDx
8,0.004,0.02046159836302993,9,EDx
9,0.053,0.011185360097624003,9,EDx
10,0.001,-2.383539117535156e-19,9,EDx
11,0.204,0.19696374879404577,9,EDx
12,0.025,0.06693704181446894,9,EDx
13,0.073,0.03115410483096143,9,EDx
14,0.008,-6.730001500483566e-19,9,EDx
15,0.0,0.013934426378411031,9,EDx
16,0.014,0.008806689805549458,9,EDx
17,0.001,0.009993793084416185,9,EDx
18,0.03,0.038394836606631205,9,EDx
19,0.076,0.06664826741865174,9,EDx
20,0.131,0.1498814328448161,9,EDx
21,0.017,0.047029464848293144,9,EDx
22,0.05,0.013607490536674725,9,EDx
23,0.039,0.03681020405816412,9,EDx
24,0.021,-4.628297855734818e-19,9,EDx
25,0.028,0.049765722894974544,9,EDx
26,0.024,0.014155240881436566,9,EDx
27,0.015,0.023594253446889146,9,EDx
0,0.013,0.01634482078013152,8,EDx
1,0.031,0.017596210804376036,8,EDx
2,0.033,0.012456657068282936,8,EDx
3,0.003,0.0007634086506235431,8,EDx
4,0.001,0.010127926766969508,8,EDx
5,0.055,0.09801818860830785,8,EDx
6,0.01,0.017979307798034538,8,EDx
7,0.006,0.0,8,EDx
8,0.075,0.07760853529549736,8,EDx
9,0.02,0.003282119748984554,8,EDx
10,0.025,0.032143067495708375,8,EDx
11,0.003,0.041136682273023285,8,EDx
12,0.007,0.016113719894181967,8,EDx
13,0.031,0.024999688233298047,8,EDx
14,0.048,0.020003385048429904,8,EDx
15,0.023,0.04177415695412712,8,EDx
16,0.032,0.010267039674404385,8,EDx
17,0.04,0.03579564941333209,8,EDx
18,0.01,0.012308826227454018,8,EDx
19,0.028,0.02131657334934627,8,EDx
20,0.077,0.09016572986928738,8,EDx
21,0.012,0.03267588322332438,8,EDx
22,0.077,0.019243878296334817,8,EDx
23,0.047,0.04632228423591013,8,EDx
24,0.147,0.15534861483927373,8,EDx
25,0.12,0.12169687165873035,8,EDx
26,0.017,0.0,8,EDx
27,0.009,0.024510773792626006,8,EDx
0,0.001,0.004527199110616017,7,EDx
1,0.012,0.02372572027385261,7,EDx
2,0.013,0.01839410738922749,7,EDx
3,0.002,0.0118478005140431,7,EDx
4,0.009,0.0015509581681628743,7,EDx
5,0.024,0.0868284051025079,7,EDx
6,0.014,-4.907532104111809e-19,7,EDx
7,0.058,0.06396219025346332,7,EDx
8,0.005,0.002495851492079904,7,EDx
9,0.006,0.015587530563666378,7,EDx
10,0.016,0.020143602682327306,7,EDx
11,0.038,0.1394407192755818,7,EDx
12,0.01,0.009801601552849657,7,EDx
13,0.047,0.031606126423212755,7,EDx
14,0.168,0.11437537434423185,7,EDx
15,0.003,0.024567213083274503,7,EDx
16,0.056,0.024519932511037065,7,EDx
17,0.001,0.0,7,EDx
18,0.066,0.06238198279250196,7,EDx
19,0.072,0.07157025823065712,7,EDx
20,0.0,-1.6521515182660904e-20,7,EDx
21,0.023,0.04063111504159942,7,EDx
22,0.141,0.010496602713811126,7,EDx
23,0.002,0.018729705054017585,7,EDx
24,0.017,0.009149915773581697,7,EDx
25,0.1,0.10512573542804642,7,EDx
26,0.076,0.07049645929451678,7,EDx
27,0.02,0.0180438929311334,7,EDx
0,0.0,0.0,6,EDx
1,0.06,0.01126452683481402,6,EDx
2,0.026,0.013241013418835346,6,EDx
3,0.006,0.006032326904181691,6,EDx
4,0.043,0.03635885166206191,6,EDx
5,0.025,0.07068612237804925,6,EDx
6,0.117,0.12632633726769749,6,EDx
7,0.052,0.0438056380894619,6,EDx
8,0.007,-7.292622028012989e-19,6,EDx
9,0.007,-1.517582928380231e-19,6,EDx
10,0.0,0.007801931160122859,6,EDx
11,0.012,0.005112401270820723,6,EDx
12,0.013,0.01585221612148383,6,EDx
13,0.024,0.0012767886892986096,6,EDx
14,0.067,0.046025321934762234,6,EDx
15,0.0,0.02396706164325743,6,EDx
16,0.043,0.023958016697049587,6,EDx
17,0.069,0.05207254173015169,6,EDx
18,0.028,0.025921942122470475,6,EDx
19,0.033,0.04817047963400722,6,EDx
20,0.026,0.04948334352775414,6,EDx
21,0.059,0.061498468679448776,6,EDx
22,0.021,0.025020125943769164,6,EDx
23,0.087,0.07003972760435778,6,EDx
24,0.048,0.07299090626833292,6,EDx
25,0.05,0.08640706964431932,6,EDx
26,0.014,0.007680758052913705,6,EDx
27,0.063,0.06900608272057807,6,EDx
0,0.054,0.03665044624166713,5,EDx
1,0.083,0.02328876995132647,5,EDx
2,0.009,5.4631621944157904e-21,5,EDx
3,0.102,0.08459866601031088,5,EDx
4,0.02,0.021600241085256124,5,EDx
5,0.005,0.01727503830031002,5,EDx
6,0.035,0.031056104416606035,5,EDx
7,0.159,0.1521553648437075,5,EDx
8,0.049,0.054613112864958346,5,EDx
9,0.012,0.007337442560250954,5,EDx
10,0.009,0.024493137753780644,5,EDx
11,0.006,0.0539401950099029,5,EDx
12,0.018,0.06617902459720532,5,EDx
13,0.002,-6.443681733844345e-19,5,EDx
14,0.071,0.0744070065386642,5,EDx
15,0.004,0.053384057998184464,5,EDx
16,0.027,0.011512548944822981,5,EDx
17,0.003,-1.1000869375672558e-21,5,EDx
18,0.107,0.09824513241593036,5,EDx
19,0.001,0.01469481626762956,5,EDx
20,0.044,0.010442591122749603,5,EDx
21,0.036,0.04508532339262395,5,EDx
22,0.064,0.0,5,EDx
23,0.01,0.007450363733316991,5,EDx
24,0.006,0.032667238927942925,5,EDx
25,0.036,0.05943461031994644,5,EDx
26,0.016,-5.0907507972089595e-20,5,EDx
27,0.012,0.019488766702906224,5,EDx
0,0.101,0.049648326856466994,4,EDx
1,0.183,0.044360496698447556,4,EDx
2,0.017,1.9029477394496262e-18,4,EDx
3,0.001,0.027216351733484655,4,EDx
4,0.038,0.017168842132677057,4,EDx
5,0.007,0.0,4,EDx
6,0.022,0.032143300431277645,4,EDx
7,0.011,0.018724575704236485,4,EDx
8,0.15,0.20955087767774389,4,EDx
9,0.036,0.015880516640573973,4,EDx
10,0.062,0.055374389153828356,4,EDx
11,0.065,0.0817837355326873,4,EDx
12,0.02,0.020268969989724106,4,EDx
13,0.032,6.169198475073481e-19,4,EDx
14,0.006,0.02706453751657394,4,EDx
15,0.019,0.1094549108703628,4,EDx
16,0.041,0.027997847324535863,4,EDx
17,0.001,0.01297691528444929,4,EDx
18,0.01,0.03272817480866612,4,EDx
19,0.028,0.02727929410959973,4,EDx
20,0.035,0.019013079023314533,4,EDx
21,0.019,0.03351827733893837,4,EDx
22,0.011,0.005415697324184043,4,EDx
23,0.013,0.013500227828569161,4,EDx
24,0.001,3.03291047612499e-20,4,EDx
25,0.0,0.07260299604730261,4,EDx
26,0.038,0.019475455491205638,4,EDx
27,0.033,0.02685220448114989,4,EDx
0,0.081,0.014224368985818579,3,EDx
1,0.044,0.023588720674682793,3,EDx
2,0.012,0.0012856585823304626,3,EDx
3,0.002,0.03183735106252066,3,EDx
4,0.01,0.011594054577762207,3,EDx
5,0.019,0.0,3,EDx
6,0.124,0.17029172755322872,3,EDx
7,0.004,0.00630807317546572,3,EDx
8,0.061,0.10768468160727691,3,EDx
9,0.095,0.048729788038807405,3,EDx
10,0.004,0.010124675689817371,3,EDx
11,0.014,0.04120142763782756,3,EDx
12,0.053,0.06102043155023462,3,EDx
13,0.063,0.02914848111319526,3,EDx
14,0.008,0.03857312639240355,3,EDx
15,0.002,0.019723256747282866,3,EDx
16,0.054,0.03905637470564418,3,EDx
17,0.013,0.006182550204392265,3,EDx
18,0.009,0.020149587981860687,3,EDx
19,0.025,0.009812556332262166,3,EDx
20,0.04,0.045398945511905424,3,EDx
21,0.095,0.0973949127698687,3,EDx
22,0.031,3.507310729417988e-05,3,EDx
23,0.036,0.03299214020962848,3,EDx
24,0.032,0.04245552152423468,3,EDx
25,0.018,0.03226935083146951,3,EDx
26,0.048,0.037872918785965055,3,EDx
27,0.003,0.021044244646819976,3,EDx
0,0.014,0.005804574616879826,2,EDx
1,0.178,0.06875204509751104,2,EDx
2,0.076,0.03165680257988424,2,EDx
3,0.053,0.03037369116476198,2,EDx
4,0.033,0.04899532191864025,2,EDx
5,0.022,0.01091347548529957,2,EDx
6,0.017,0.027971314055134727,2,EDx
7,0.02,0.015191846111239629,2,EDx
8,0.045,0.04293189012175328,2,EDx
9,0.01,0.005955003434175989,2,EDx
10,0.01,0.013016429824925893,2,EDx
11,0.011,0.009777006486635804,2,EDx
12,0.011,0.04260594783345561,2,EDx
13,0.006,0.02460105530657417,2,EDx
14,0.034,0.052066480703723425,2,EDx
15,0.052,0.0961227750337076,2,EDx
16,0.015,0.005648607937344563,2,EDx
17,0.044,0.03989459711105139,2,EDx
18,0.156,0.14210949172425114,2,EDx
19,0.019,0.035091390191287423,2,EDx
20,0.022,0.02367529906065977,2,EDx
21,0.019,0.02734260833088436,2,EDx
22,0.01,0.031257416667138056,2,EDx
23,0.087,0.07324848040572188,2,EDx
24,0.015,0.024983735247172855,2,EDx
25,0.0,0.03488235428756461,2,EDx
26,0.02,0.01989248930204461,2,EDx
27,0.001,0.015237869960576411,2,EDx
0,0.039,6.035926047219478e-21,1,EDx
1,0.005,0.015131948049246452,1,EDx
2,0.006,0.0,1,EDx
3,0.044,0.04472677342185107,1,EDx
4,0.026,0.022054858537263362,1,EDx
5,0.007,0.01911498569226438,1,EDx
6,0.038,0.044626225817773535,1,EDx
7,0.033,0.025319706358832263,1,EDx
8,0.009,0.051586943528117726,1,EDx
9,0.037,0.027630240379603203,1,EDx
10,0.036,0.0547592787630409,1,EDx
11,0.007,0.07049577749077413,1,EDx
12,0.016,0.04348200008437576,1,EDx
13,0.001,0.017252153672358255,1,EDx
14,0.0,-3.1986171236873664e-20,1,EDx
15,0.004,0.01249775369270858,1,EDx
16,0.038,0.019287498929127574,1,EDx
17,0.087,0.08196262610505872,1,EDx
18,0.033,0.04107481960470543,1,EDx
19,0.017,0.015973895329198323,1,EDx
20,0.043,0.010666100825323953,1,EDx
21,0.006,0.018179027717728644,1,EDx
22,0.1,0.005773317242480231,1,EDx
23,0.064,0.05490172532923235,1,EDx
24,0.131,0.12881869459234033,1,EDx
25,0.002,1.208248755699419e-19,1,EDx
26,0.016,0.027497348974185154,1,EDx
27,0.155,0.1471862998624096,1,EDx
0,0.004,0.0226067993420806,0,EDx
1,0.003,0.04661748686285401,0,EDx
2,0.041,0.027499697704837463,0,EDx
3,0.016,0.021374382727141712,0,EDx
4,0.017,0.02904769305956943,0,EDx
5,0.032,0.01955895448963326,0,EDx
6,0.08,0.11080213239179965,0,EDx
7,0.022,0.012609626128733044,0,EDx
8,0.01,0.008204586995162624,0,EDx
9,0.074,0.03953330237801307,0,EDx
10,0.0,0.019749861466389955,0,EDx
11,0.002,0.018700662742435203,0,EDx
12,0.019,0.018452310940705062,0,EDx
13,0.044,0.02455139330608818,0,EDx
14,0.012,0.04372888031145815,0,EDx
15,0.111,0.06559662869440507,0,EDx
16,0.016,0.01751674226901105,0,EDx
17,0.032,0.011215704715791449,0,EDx
18,0.049,0.04655945190141695,0,EDx
19,0.015,0.02798437714236906,0,EDx
20,0.036,0.03867515103024157,0,EDx
21,0.041,0.042597314161317096,0,EDx
22,0.011,0.0013126692265389669,0,EDx
23,0.208,0.18300944903489136,0,EDx
24,0.079,0.031452634460979983,0,EDx
25,0.003,0.035087794387921464,0,EDx
26,0.005,0.013874797514425606,0,EDx
27,0.018,0.022079514613788986,0,EDx
